query,provider,latitude,longitude,display
"AVENIDA JOSE FORTUNA, 150 - PORTAL DO SOL - São Carlos/SP - CEP 13569-450",nominatim,-22.0180395,-47.891154,"São Carlos, Região Imediata de São Carlos, Região Geográfica Intermediária de Araraquara, São Paulo, Região Sudeste, Brasil"
"RUA SETE DE SETEMBRO, 1582 - A - CENTRO - São Carlos/SP - CEP 13560-180",nominatim,-22.016008,-47.8900067,"Rua Sete de Setembro, Jardim São Carlos, Centro, São Carlos, Região Imediata de São Carlos, Região Geográfica Intermediária de Araraquara, São Paulo, Região Sudeste, 13560-290, Brasil"
"AVENIDA FILOMENA RISPOLI, 592 - PARQUE SANTA MARTA - São Carlos/SP - CEP 13564-200",arcgis,-21.994538014752,-47.906815040813,"Avenida Filomeno Rispoli 592, São Carlos, São Paulo, 13564-200"
"AVENIDA DR ERNESTO PEREIRA LOPES FILHO, S/N - AGUA VERMELHA - São Carlos/SP - CEP 13578-000",nominatim,-21.8788022,-47.8567619,"São Carlos, Região Imediata de São Carlos, Região Geográfica Intermediária de Araraquara, São Paulo, Região Sudeste, Brasil"
"ALAMEDA OURO PRETO, 21 - PARQUE SABARA - São Carlos/SP - CEP 13567-705",nominatim,-22.0117372,-47.862679,"Alameda Ouro Preto, Parque Sabará, Vila Nery, São Carlos, Região Imediata de São Carlos, Região Geográfica Intermediária de Araraquara, São Paulo, Região Sudeste, 13568-120, Brasil"
"RUA JOAO ANTONIO BONI, 1179 - VILA SAO JOAO BATISTA - São Carlos/SP - CEP 13567-040",arcgis,-22.000551988371,-47.875340994389,"Rua Joao Antonio Boni 1179, São Carlos, São Paulo, 13567-080"
"RUA MAJOR JOSE INACIO, 1932 - CENTRO - São Carlos/SP - CEP 13560-161",nominatim,-22.0180395,-47.891154,"São Carlos, Região Imediata de São Carlos, Região Geográfica Intermediária de Araraquara, São Paulo, Região Sudeste, Brasil"
"ESTRADA MUNICIPAL RUBENS FERNANDO MONTE RIBEIRO, 100 - JARDIM NOVO HORIZONTE - São Carlos/SP - CEP 13571-513",arcgis,-22.05890231396,-47.902898428916,"13571-513, São Carlos, São Paulo"
"RUA BORLANGE, 99 - RESIDENCIAL SAMAMBAIA - São Carlos/SP - CEP 13565-517",nominatim,-21.9555725,-47.8843985,"Rua Borlange, Samambaia Residencial, Água Vermelha, São Carlos, Região Imediata de São Carlos, Região Geográfica Intermediária de Araraquara, São Paulo, Região Sudeste, 13565-251, Brasil"
"RUA PASSEIO DOS IPES, 350 - ANDAR 7                   SALA  709                 COND  TRIADE TORRE N YORK - PARQUE FABER I - São Carlos/SP - CEP 13561-385",arcgis,-22.019411019059,-47.91626597192,"Passeio Dos Ipes 350, Bela Vista São-Carlense, São Carlos, São Paulo, 13561-385"
"RUA CONDE DO PINHAL, 1150 - JARDIM SAO CARLOS - São Carlos/SP - CEP 13560-648",nominatim,-22.0177498,-47.8857193,"Rua Conde do Pinhal, Centro, São Carlos, Região Imediata de São Carlos, Região Geográfica Intermediária de Araraquara, São Paulo, Região Sudeste, 13560-648, Brasil"
"RUA JOAQUIM AUGUSTO RIBEIRO DE SOUZA, 1071 - EDIF: MFS; - PARQUE SANTA FELICIA JARDIM - São Carlos/SP - CEP 13563-330",arcgis,-21.998861987143,-47.919813025705,"Rua Joaquim Augusto Ribeiro De Souza 1071, São Carlos, São Paulo, 13563-330"
"RUA JOSE MISSALI, 764 - PLANALTO PARAISO - São Carlos/SP - CEP 13562-060",arcgis,-22.004576200664,-47.915404744746,"Rua José Missali 764, Parque Santa Felícia Jardim, São Carlos, São Paulo, 13562"
"RUA SAO SEBASTIAO, 3326 - ANDAR: 1 - PRIMEIRO; - CHACARA PAROLLO - São Carlos/SP - CEP 13569-181",arcgis,-22.013053010224,-47.877703014704,"Rua Sao Sebastiao 3326, São Carlos, São Paulo, 13569-181"
"RUA MONTEIRO LOBATO, 2087 - VILA NERY - São Carlos/SP - CEP 13569-290",nominatim,-22.0157635,-47.8769203,"Rua Monteiro Lobato, Vila Marques, Vila Nery, São Carlos, Região Imediata de São Carlos, Região Geográfica Intermediária de Araraquara, São Paulo, Região Sudeste, 13569-000, Brasil"
"RUA MAESTRO JOAO SEPPE, 900 - SALA  171 - JARDIM PARAISO - São Carlos/SP - CEP 13561-180",nominatim,-22.0180395,-47.891154,"São Carlos, Região Imediata de São Carlos, Região Geográfica Intermediária de Araraquara, São Paulo, Região Sudeste, Brasil"
"RUA DOUTOR DONATO DOS SANTOS, 52 - JARDIM NOVA SANTA PAULA - São Carlos/SP - CEP 13564-332",nominatim,-21.9970224,-47.8998583,"Rua Doutor Donato dos Santos, Jardim Nova Santa Paula, São Carlos, Região Imediata de São Carlos, Região Geográfica Intermediária de Araraquara, São Paulo, Região Sudeste, 13654-350, Brasil"
"RUA AQUIDABAN, 4 - ANEXO AREA B - CENTRO - São Carlos/SP - CEP 13560-120",nominatim,-22.0180395,-47.891154,"São Carlos, Região Imediata de São Carlos, Região Geográfica Intermediária de Araraquara, São Paulo, Região Sudeste, Brasil"
"RUA JOSE JORGE ABI SAAB, 20 - SALA  001 - JARDIM MARACANA - São Carlos/SP - CEP 13571-290",arcgis,-22.035757681739,-47.865342619701,"Rua José Jorge Abi Saab 20, Jardim Maracanã, São Carlos, São Paulo, 13570-905"
"RUA JESUINO DE ARRUDA, 2414 - JARDIM SAO CARLOS - São Carlos/SP - CEP 13560-642",nominatim,-22.0195217,-47.8774398,"Rua Jesuino de Arruda, Jardim Cardinali, Loteamento D'Aquino, São Carlos, Região Imediata de São Carlos, Região Geográfica Intermediária de Araraquara, São Paulo, Região Sudeste, 13569-000, Brasil"
"OUTROS PASSEIO DOS FLAMBOYANTS, 200 - LOJA 14 - PARQUE FABER - São Carlos/SP - CEP 13561-352",nominatim,-22.0180395,-47.891154,"São Carlos, Região Imediata de São Carlos, Região Geográfica Intermediária de Araraquara, São Paulo, Região Sudeste, Brasil"
"RUA TOTO LEITE, 2000 - VL.NERY - São Carlos/SP - CEP 13570-010",arcgis,-22.011465016758,-47.879721041713,"Rua Toto Leite 2000, São Carlos, São Paulo, 13569-139"
"RODOVIA LUIZ AUGUSTO DE OLIVEIRA, S/N - KM    148,8, 1 ANDAR,     CONJ  112 115 116 122 124       125 131 132 133 135       142 144 E 145       ANDAR 2, CJTOS 215 216 235      E 236 - PARQUE TECNOLOGICO - São Carlos/SP - CEP 13573-600",arcgis,-22.054859512511,-47.947807660302,"13573-600, São Carlos, São Paulo"
"RUA MARECHAL DEODORO, 2819 - CENTRO - São Carlos/SP - CEP 13560-201",nominatim,-22.0149219,-47.879416,"Rua Marechal Deodoro, Vila Elisabeth, São Carlos, Região Imediata de São Carlos, Região Geográfica Intermediária de Araraquara, São Paulo, Região Sudeste, 13569-265, Brasil"
"AVENIDA FRANCISCO PEREIRA LOPES, 1701 - LOJA  LUC Q008            SALA  PARTE PISO T2 - PARQUE SANTA MONICA - São Carlos/SP - CEP 13561-250",nominatim,-22.0180395,-47.891154,"São Carlos, Região Imediata de São Carlos, Região Geográfica Intermediária de Araraquara, São Paulo, Região Sudeste, Brasil"
"AVENIDA SAO CARLOS, 2205 - SL 203-2 ANDAR - CENTRO - São Carlos/SP - CEP 13560-011",nominatim,-22.0180395,-47.891154,"São Carlos, Região Imediata de São Carlos, Região Geográfica Intermediária de Araraquara, São Paulo, Região Sudeste, Brasil"
"AVENIDA SAO CARLOS, 759 - CASA - VL.MARCELINO - São Carlos/SP - CEP 13573-284",arcgis,-22.02678998561,-47.890424983525,"Avenida Sao Carlos 759, São Carlos, São Paulo, 13570-660"
"RUA CID SILVA CESAR, 357-A - PARQUE SANTA FELICIA JARDIM - São Carlos/SP - CEP 13562-400",nominatim,-22.0026365,-47.9153676,"Rua Cid Silva César, Parque Jardim Santa Felícia, São Carlos, Região Imediata de São Carlos, Região Geográfica Intermediária de Araraquara, São Paulo, Região Sudeste, 13562-100, Brasil"
"AVENIDA SALLUM, 866 - SALA  04 - VILA PRADO - São Carlos/SP - CEP 13574-040",nominatim,-22.0180395,-47.891154,"São Carlos, Região Imediata de São Carlos, Região Geográfica Intermediária de Araraquara, São Paulo, Região Sudeste, Brasil"
"RUA PERNAMBUCO, 315 - JD PACAEMBU - São Carlos/SP - CEP 13572-380",arcgis,-22.038912983629,-47.894472017835,"Rua Pernambuco 315, Bela Vista São-Carlense, São Carlos, São Paulo, 13572-380"
"RUA FRANCISCO MARIGO, 887 - JD CRUZEIRO DO SUL - São Carlos/SP - CEP 13572-090",arcgis,-22.042469006052,-47.889366013878,"Rua Francisco Marigo 887, Bela Vista São-Carlense, São Carlos, São Paulo, 13572-090"
"RUA JOSE TEIXEIRA, 42 - PARQUE SISI - São Carlos/SP - CEP 13562-440",nominatim,-22.005976,-47.9208716,"Rua José Teixeira, Parque Jardim Santa Felícia, São Carlos, Região Imediata de São Carlos, Região Geográfica Intermediária de Araraquara, São Paulo, Região Sudeste, 13562-420, Brasil"
"AVENIDA TEIXEIRA DE BARROS, 367 - VILA PRADO - São Carlos/SP - CEP 13574-033",nominatim,-22.0180395,-47.891154,"São Carlos, Região Imediata de São Carlos, Região Geográfica Intermediária de Araraquara, São Paulo, Região Sudeste, Brasil"
"RUA PADRE TEIXEIRA, 2796 - CENTRO - São Carlos/SP - CEP 13560-210",nominatim,-22.0140905,-47.8838192,"Rua Padre Teixeira, Vila Elisabeth, São Carlos, Região Imediata de São Carlos, Região Geográfica Intermediária de Araraquara, São Paulo, Região Sudeste, 13560-350, Brasil"
"RUA EPISCOPAL, 1090 - CENTRO - São Carlos/SP - CEP 13560-049",nominatim,-22.0141737,-47.8917452,"Rua Episcopal, Centro, São Carlos, Região Imediata de São Carlos, Região Geográfica Intermediária de Araraquara, São Paulo, Região Sudeste, 13560-001, Brasil"
"RUA SAO JOAQUIM, 2023 - SALA  04 - VILA MONTEIRO (GLEBA I) - São Carlos/SP - CEP 13560-300",nominatim,-22.0180395,-47.891154,"São Carlos, Região Imediata de São Carlos, Região Geográfica Intermediária de Araraquara, São Paulo, Região Sudeste, Brasil"
"RUA ROSA LEA FERRARI LISBOA, 255 - JARDIM ACAPULCO - São Carlos/SP - CEP 13563-706",nominatim,-21.9956149,-47.9117915,"Rua Rosa Lea Ferrari Lisboa, Jardim Acapulco, São Carlos, Região Imediata de São Carlos, Região Geográfica Intermediária de Araraquara, São Paulo, Região Sudeste, 13562-190, Brasil"
"RUA OSCAR DE SOUZA GERIBELO, 790 - JARDIM SANTA PAULA - São Carlos/SP - CEP 13564-031",nominatim,-22.000707,-47.9014175,"Rua Oscar de Souza Geribelo, Chácara Monjolinho, São Carlos, Região Imediata de São Carlos, Região Geográfica Intermediária de Araraquara, São Paulo, Região Sudeste, 13564-031, Brasil"
"PASSEIO DAS CASTANHEIRAS, 431 - COND  TRIADE 03           EDIF  NOVA YORK           CONJ  207 - PARQUE FABER - São Carlos/SP - CEP 13561-384",arcgis,-22.019983552392,-47.91629210488,"Passeio das Castenheiras 431, São Carlos, São Paulo, 13561"
"RUA JOAQUIM AUGUSTO RIBEIRO DE SOUZA, 900 - SALA  01 - PARQUE SANTA FELICIA JARDIM - São Carlos/SP - CEP 13563-330",arcgis,-22.002555011773,-47.914040995722,"Rua Joaquim Augusto Ribeiro De Souza 900, São Carlos, São Paulo, 13563-330"
"AVENIDA SALLUM, 1154 - LOJA  D - VILA PRADO - São Carlos/SP - CEP 13574-040",nominatim,-22.0180395,-47.891154,"São Carlos, Região Imediata de São Carlos, Região Geográfica Intermediária de Araraquara, São Paulo, Região Sudeste, Brasil"
"AVENIDA PROFESSORA MARIA DE CRESCI LEOPOLDINO, 755 - CASA  294 - CONDOMINIO RESIDENCIAL QUEBEC - São Carlos/SP - CEP 13563-623",arcgis,-21.983333602601,-47.931040754836,"Avenida Professora Maria de Cresci Leopoldino 294, São Carlos, São Paulo, 13563-623"
"RUA JOSE DUARTE DE SOUZA, 383 - SALA  01 - JARDIM SANTA PAULA - São Carlos/SP - CEP 13564-030",arcgis,-21.999289003201,-47.901297988324,"Rua Jose Duarte De Souza 383, São Carlos, São Paulo, 13564-030"
"RUA QUINZE DE NOVEMBRO, 2073 - CENTRO - São Carlos/SP - CEP 13560-240",nominatim,-22.0123422,-47.8938382,"Rua Quinze de Novembro, Jardim São Carlos, Jardim Macarengo, São Carlos, Região Imediata de São Carlos, Região Geográfica Intermediária de Araraquara, São Paulo, Região Sudeste, 13560-240, Brasil"
"RUA SAO JOAQUIM, 832 - CENTRO - São Carlos/SP - CEP 13560-300",nominatim,-22.0192711,-47.8884673,"832, Rua São Joaquim, Centro, São Carlos, Região Imediata de São Carlos, Região Geográfica Intermediária de Araraquara, São Paulo, Região Sudeste, 13560-241, Brasil"
"RODOVIA WASHINGTON LUIZ KM 226 + 738 M, 50 - JARDIM GUANABARA - São Carlos/SP - CEP 13565-905",nominatim,-22.0180395,-47.891154,"São Carlos, Região Imediata de São Carlos, Região Geográfica Intermediária de Araraquara, São Paulo, Região Sudeste, Brasil"
"RUA FRANCISCO FERREIRA, 1613 - VILA FARIA - São Carlos/SP - CEP 13569-004",nominatim,-22.0162159,-47.8750007,"Rua Francisco Ferreira, Vila Faria, Vila Nery, São Carlos, Região Imediata de São Carlos, Região Geográfica Intermediária de Araraquara, São Paulo, Região Sudeste, 13569-000, Brasil"
"RUA JESUINO DE ARRUDA, 2020 - BOX 08 - JARDIM SO CARLOS - São Carlos/SP - CEP 13560-642",arcgis,-22.019585991287,-47.890960000405,"Rua Jesuino De Arruda 2020, São Carlos, São Paulo, 13560-642"
"RUA DONA ANA PRADO, 590 - VILA PRADO - São Carlos/SP - CEP 13574-031",nominatim,-22.031845,-47.893272,"Rua Dona Ana Prado, Vila Prado, São Carlos, Região Imediata de São Carlos, Região Geográfica Intermediária de Araraquara, São Paulo, Região Sudeste, 13574-240, Brasil"
"RUA FRANCISCO XAVIER AMARAL FILHO, 57 - RESIDENCIAL MONSENHOR ROMEU TORTORELLI - São Carlos/SP - CEP 13562-503",nominatim,-22.008231,-47.9208461,"Rua Francisco Xavier Amaral Filho, Residencial Monsenhor Romeu Tortorelli, São Carlos, Região Imediata de São Carlos, Região Geográfica Intermediária de Araraquara, São Paulo, Região Sudeste, 13562-420, Brasil"
"RUA LUIZ GUALTIERI, 315 - LOTE  01 AO 09 - PARQUE RESIDENCIAL MARIA STELLA FAGA - São Carlos/SP - CEP 13568-260",nominatim,-22.0180395,-47.891154,"São Carlos, Região Imediata de São Carlos, Região Geográfica Intermediária de Araraquara, São Paulo, Região Sudeste, Brasil"
"RUA CONDE ROLAND VON FABER CASTELL, 226 - PARQUE DELTA - São Carlos/SP - CEP 13564-670",nominatim,-21.9907492,-47.8951631,"Rua Conde Roland Von Faber Castell, Parque Delta I, São Carlos, Região Imediata de São Carlos, Região Geográfica Intermediária de Araraquara, São Paulo, Região Sudeste, 13564-540, Brasil"
"RUA PADRE TEIXEIRA, 1350 - JARDIM BETHANIA - São Carlos/SP - CEP 13561-050",nominatim,-22.014222,-47.8967078,"Rua Padre Teixeira, Jardim Bethania, São Carlos, Região Imediata de São Carlos, Região Geográfica Intermediária de Araraquara, São Paulo, Região Sudeste, 13560-110, Brasil"
"RUA RUI BARBOSA, 630 - CENTRO - São Carlos/SP - CEP 13560-330",nominatim,-22.0149789,-47.8867445,"Rua Rui Barbosa, Jardim Macarengo, São Carlos, Região Imediata de São Carlos, Região Geográfica Intermediária de Araraquara, São Paulo, Região Sudeste, 13560-161, Brasil"
"RUA PROFESSORA MARIA ANGELICA MARCONDES, 56 - JARDIM CARDINALLI - São Carlos/SP - CEP 13569-550",arcgis,-22.021808078002,-47.875031371694,"Rua Professora Maria Angélica Marcondes 56, Jardim Cardinalli, São Carlos, São Paulo, 13569-550"
"RUA JOSE BONIFACIO, 565 - NUCLEO RESIDENCIAL SILVIO VILARI - São Carlos/SP - CEP 13560-610",nominatim,-22.0264646,-47.8934322,"Rua Joaquim Evangelista de Toledo, Jardim São Carlos, Núcleo Residencial Sílvio Vilari, São Carlos, Região Imediata de São Carlos, Região Geográfica Intermediária de Araraquara, São Paulo, Região Sudeste, 13560-610, Brasil"
"RUA RAFAEL ABREU SAMPAIO VIDAL, 2358 - FUNDOS - VILA ELIZABETH - São Carlos/SP - CEP 13560-050",arcgis,-22.008020012643,-47.882958970909,"Rua Doutor Rafael De Abreu Sampaio Vidal 2358, São Carlos, São Paulo, 13560-050"
"RUA SANTA CRUZ, 94 - SALA  01 - CENTRO - São Carlos/SP - CEP 13560-680",arcgis,-22.02343802062,-47.893779002081,"Rua Santa Cruz 94, São Carlos, São Paulo, 13560-680"
"AVENIDA SAO CARLOS, 3100 - CENTRO - São Carlos/SP - CEP 13560-002",nominatim,-22.0180395,-47.891154,"São Carlos, Região Imediata de São Carlos, Região Geográfica Intermediária de Araraquara, São Paulo, Região Sudeste, Brasil"
"RUA TRABALHO COM FRATERNIDADE, 10 - JARDIM BOTAFOGO - São Carlos/SP - CEP 13575-380",nominatim,-22.0221797,-47.9112421,"Rua Trabalho com Fraternidade, Jardim Botafogo, Condomínio Parque Faber III, Bela Vista São-Carlense, São Carlos, Região Imediata de São Carlos, Região Geográfica Intermediária de Araraquara, São Paulo, Região Sudeste, 13561-352, Brasil"
"RUA LUCIO RODRIGUES, 21 - VILA PRADO - São Carlos/SP - CEP 13572-201",arcgis,-22.035033751779,-47.89020597988,"Rua Lúcio Rodrigues 21, Vila Morumbi, São Carlos, São Paulo, 13572-201"
"RODOVIA SP 215 - KM 145, KM 145 - CXPST 463 - RURAL - São Carlos/SP - CEP 13560-970",nominatim,-22.0180395,-47.891154,"São Carlos, Região Imediata de São Carlos, Região Geográfica Intermediária de Araraquara, São Paulo, Região Sudeste, Brasil"
"AVENIDA CAPITAO LUIZ BRANDAO, 46 - VILA NERY - São Carlos/SP - CEP 13568-450",arcgis,-22.012427007785,-47.872802032099,"Avenida Capitao Luiz Brandao 46, Vila Nery, São Carlos, São Paulo, 13568-450"
"RUA MAJOR JULIO SALLES, 594 - SALA  03 - CENTRO - São Carlos/SP - CEP 13561-010",nominatim,-22.0180395,-47.891154,"São Carlos, Região Imediata de São Carlos, Região Geográfica Intermediária de Araraquara, São Paulo, Região Sudeste, Brasil"
"RUA SORBONE, 16 - FUNDOS - CENTREVILLE - São Carlos/SP - CEP 13560-760",nominatim,-22.0180395,-47.891154,"São Carlos, Região Imediata de São Carlos, Região Geográfica Intermediária de Araraquara, São Paulo, Região Sudeste, Brasil"
"RUA SILVERIO IGNARRA SOBRINHO, 250 - VILA MONTEIRO - São Carlos/SP - CEP 13560-294",nominatim,-22.0260594,-47.8884512,"Rua Silvério Ignarra Sobrinho, Vila Monteiro Gleba I, São Carlos, Região Imediata de São Carlos, Região Geográfica Intermediária de Araraquara, São Paulo, Região Sudeste, 13560-294, Brasil"
"RUA MARCOLINO LOPES BARRETO, 3013 - VILA COSTA DO SOL - São Carlos/SP - CEP 13566-210",nominatim,-22.0055221,-47.8820544,"Rua Coronel Marcolino Lopes Barreto, Chácara São Caetano, Vila Elisabeth, São Carlos, Região Imediata de São Carlos, Região Geográfica Intermediária de Araraquara, São Paulo, Região Sudeste, 13566-050, Brasil"
"RUA FLAUZINO MARQUES, 215 - JARDIM ALVORADA - São Carlos/SP - CEP 13562-002",nominatim,-22.0078432,-47.9079933,"Rua Flauzino Marques, Jardim Alvorada, São Carlos, Região Imediata de São Carlos, Região Geográfica Intermediária de Araraquara, São Paulo, Região Sudeste, 13561-250, Brasil"
"RODOVIA ENGENHEIRO THALES DE LORENA PEIXOTO JUNIOR (SP 318), S/N - KM    246 - DISTRITO DE AGUA VERMELHA - São Carlos/SP - CEP 13578-000",nominatim,-21.8788022,-47.8567619,"São Carlos, Região Imediata de São Carlos, Região Geográfica Intermediária de Araraquara, São Paulo, Região Sudeste, Brasil"
"AVENIDA MORUMBI, 1251 - SALA  02,ALTOS - JARDIM MORUMBI - São Carlos/SP - CEP 13572-000",arcgis,-22.04310292283,-47.885779406845,"Avenida Morumbi 1251, Vila Morumbi, São Carlos, São Paulo, 13572-000"
"RUA MARECHAL DEODORO, 1547 - SALA  02 - CENTRO - São Carlos/SP - CEP 13560-200",nominatim,-22.0180395,-47.891154,"São Carlos, Região Imediata de São Carlos, Região Geográfica Intermediária de Araraquara, São Paulo, Região Sudeste, Brasil"
"RUA JESUINO DE ARRUDA, 1517 - JARDIM SAO CARLOS - São Carlos/SP - CEP 13560-642",nominatim,-22.0195217,-47.8774398,"Rua Jesuino de Arruda, Jardim Cardinali, Loteamento D'Aquino, São Carlos, Região Imediata de São Carlos, Região Geográfica Intermediária de Araraquara, São Paulo, Região Sudeste, 13569-000, Brasil"
"RUA CELIO BARBOSA DA SILVA, 150 - JD STA PAULA - São Carlos/SP - CEP 13564-060",arcgis,-22.00044298172,-47.904041971967,"Rua Celio Barbosa Da Silva 150, São Carlos, São Paulo, 13564-060"
"AVENIDA PROFESSORA MARIA DE CRESCI LEOPOLDINO, 755 - CASA  144 - CONDOMINIO RESIDENCIAL QUEBEC - São Carlos/SP - CEP 13563-623",arcgis,-21.982446142526,-47.930183105296,"Avenida Professora Maria de Cresci Leopoldino 144, São Carlos, São Paulo, 13563"
"RUA MARECHAL DEODORO, 2616 - SALA  01 - CENTRO - São Carlos/SP - CEP 13560-201",nominatim,-22.0180395,-47.891154,"São Carlos, Região Imediata de São Carlos, Região Geográfica Intermediária de Araraquara, São Paulo, Região Sudeste, Brasil"
"RUA MIGUEL PETRONI, 1145 - VILA PUREZA - São Carlos/SP - CEP 13561-002",arcgis,-22.002931987868,-47.902401968791,"Rua Miguel Petroni 1145, São Carlos, São Paulo, 13561-002"
"AVENIDA SAO CARLOS, 967 - SALA 01 - CENTRO - São Carlos/SP - CEP 13560-010",nominatim,-22.0180395,-47.891154,"São Carlos, Região Imediata de São Carlos, Região Geográfica Intermediária de Araraquara, São Paulo, Região Sudeste, Brasil"
"RUA MARIA EUGENIA FABIANO, 432 - ANTENOR GARCIA - São Carlos/SP - CEP 13560-970",nominatim,-22.0527956,-47.9168426,"Rua Maria Eugênia Fabiano, Jardim Social Antenor Garcia, Bela Vista São-Carlense, São Carlos, Região Imediata de São Carlos, Região Geográfica Intermediária de Araraquara, São Paulo, Região Sudeste, 13573-276, Brasil"
"AVENIDA SAO CARLOS, 2205 - SALA  707                 EDIF  RACZ CENTER - CENTRO - São Carlos/SP - CEP 13560-900",arcgis,-22.013845980174,-47.890781968781,"Avenida Sao Carlos 2205, São Carlos, São Paulo, 13560-011"
"AVENIDA PAPA PAULO VI, 1156 - VILA MONTE CARLO - São Carlos/SP - CEP 13572-140",arcgis,-22.048626016848,-47.895127985578,"Avenida Papa Paulo Vi 1156, Bela Vista São-Carlense, São Carlos, São Paulo, 13572-140"
"AVENIDA SALLUM, 979 - VILA PRADO - São Carlos/SP - CEP 13574-040",nominatim,-22.0180395,-47.891154,"São Carlos, Região Imediata de São Carlos, Região Geográfica Intermediária de Araraquara, São Paulo, Região Sudeste, Brasil"
"RUA JOSE BONIFACIO, 565 - EDIF  ONOVOLAB - NUCLEO RESIDENCIAL SILVIO VILARI - São Carlos/SP - CEP 13560-610",nominatim,-22.0180395,-47.891154,"São Carlos, Região Imediata de São Carlos, Região Geográfica Intermediária de Araraquara, São Paulo, Região Sudeste, Brasil"
"RUA MIGUEL PETRONI, 1659 - JARDIM BANDEIRANTES - São Carlos/SP - CEP 13562-190",nominatim,-22.0180395,-47.891154,"São Carlos, Região Imediata de São Carlos, Região Geográfica Intermediária de Araraquara, São Paulo, Região Sudeste, Brasil"
"RUA ROSARIA CERRI CARUSO, 91 - N.RES.CASTELO BRANCO - São Carlos/SP - CEP 13571-110",arcgis,-22.029788988656,-47.869840035154,"Rua Rosaria Cerri Caruso 91, São Carlos, São Paulo, 13571-110"
"RUA EPISCOPAL, 2065 - LOJA A - CENTRO - São Carlos/SP - CEP 13560-049",nominatim,-22.0180395,-47.891154,"São Carlos, Região Imediata de São Carlos, Região Geográfica Intermediária de Araraquara, São Paulo, Região Sudeste, Brasil"
"AVENIDA SAO CARLOS, 2434 - SALA 1 - CENTRO - São Carlos/SP - CEP 13560-002",nominatim,-22.0180395,-47.891154,"São Carlos, Região Imediata de São Carlos, Região Geográfica Intermediária de Araraquara, São Paulo, Região Sudeste, Brasil"
"ALAMEDA DAS PITANGUEIRAS, 227 - PARQUE FABER CASTELL I - São Carlos/SP - CEP 13561-359",arcgis,-22.015256627744,-47.921131781647,"Alameda das Pitangueiras 227, São Carlos, São Paulo, 13561-359"
"RUA PAULO FRAGOSO COIMBRA, 258 - JARDIM ALVORADA - São Carlos/SP - CEP 13562-340",arcgis,-22.009236981165,-47.906646983655,"Rua Paulo Fragoso Coimbra 258, São Carlos, São Paulo, 13562-340"
"RUA SAO JOAQUIM, 2793 - VILA COSTA DO SOL - São Carlos/SP - CEP 13566-280",nominatim,-22.00324,-47.8890698,"Rua São Joaquim, Tijuco Preto, São Carlos, Região Imediata de São Carlos, Região Geográfica Intermediária de Araraquara, São Paulo, Região Sudeste, 13566-040, Brasil"
"AVENIDA GETULIO VARGAS, 743 - LOJA  4 - VILA LUTFALLA - São Carlos/SP - CEP 13570-672",arcgis,-22.032829985038,-47.884306026569,"Avenida Getulio Vargas 743, São Carlos, São Paulo, 13570-390"
"RUA FRANCISCO SCHIAVONE, 1409 - VILA BOA VISTA - São Carlos/SP - CEP 13575-070",nominatim,-22.0359362,-47.9060619,"Rua Francisco Schiavone, Vila Boa Vista II, Bela Vista São-Carlense, São Carlos, Região Imediata de São Carlos, Região Geográfica Intermediária de Araraquara, São Paulo, Região Sudeste, 13574-250, Brasil"
"AVENIDA MIGUEL DAMHA, 1400 - CASA  105 - PARQUE TECNOLOGICO DAMHA I SAO CARLOS - São Carlos/SP - CEP 13565-251",nominatim,-22.0180395,-47.891154,"São Carlos, Região Imediata de São Carlos, Região Geográfica Intermediária de Araraquara, São Paulo, Região Sudeste, Brasil"
"RUA RUA CANDIDO PADIM, 454 - VILA PRADO - São Carlos/SP - CEP 13574-320",nominatim,-22.0242702,-47.8995775,"Rua Cândido Padim, Jardim São Carlos, Vila Prado, São Carlos, Região Imediata de São Carlos, Região Geográfica Intermediária de Araraquara, São Paulo, Região Sudeste, 13574-300, Brasil"
"RUA JOSE CALIJURI, 296 - FUNDOS - JARDIM HIKARI - São Carlos/SP - CEP 13564-430",arcgis,-21.993561984037,-47.900187972887,"Rua Jose Calijuri 296, São Carlos, São Paulo, 13564-430"
"RUA PASSEIO DOS FLAMBOYANTS, 60 - SALA  406                 COND  TRIADE                    PREDIO SAO PAULO - PARQUE FABER CASTELL I - São Carlos/SP - CEP 13561-352",nominatim,-22.0180395,-47.891154,"São Carlos, Região Imediata de São Carlos, Região Geográfica Intermediária de Araraquara, São Paulo, Região Sudeste, Brasil"
"RUA MANOEL JOSE SERPA, 127 - FUNDOS - PLANALTO PARAISO - São Carlos/SP - CEP 13562-070",arcgis,-22.006820017475,-47.909533962565,"Rua Manoel Jose Serpa 127, São Carlos, São Paulo, 13562-070"
"RUA MARECHAL DEODORO, 2115 - EDIF EMILIO MANZANO;LOJA 15 - CENTRO - São Carlos/SP - CEP 13560-200",nominatim,-22.0180395,-47.891154,"São Carlos, Região Imediata de São Carlos, Região Geográfica Intermediária de Araraquara, São Paulo, Região Sudeste, Brasil"
"RUA DONA ALEXANDRINA, 1969 - CASA  B - VILA MONTEIRO (GLEBA1) - São Carlos/SP - CEP 13560-290",nominatim,-22.0180395,-47.891154,"São Carlos, Região Imediata de São Carlos, Região Geográfica Intermediária de Araraquara, São Paulo, Região Sudeste, Brasil"
"RUA ALEXANDRE PEDRAZZANI, 375 - SALA  2 - JARDIM NOVO HORIZONTE - São Carlos/SP - CEP 13571-512",arcgis,-22.037008977963,-47.856483536826,"Rua Alexandre Pedrazzani 375, São Carlos, São Paulo, 13571-512"
"AVENIDA JOAO DE LOURENCO, 115 - PARQUE RESIDENCIAL MARIA STELLA FAGA - São Carlos/SP - CEP 13568-250",arcgis,-22.006645003337,-47.856796033614,"Avenida Joao De Lourenco 115, Vila Nery, São Carlos, São Paulo, 13568-250"
"PASSEIO DOS FLAMBOYANTS, 320 - COND  TRIADE              EDIF  LONDRES             CONJ  103 - PARQUE FABER CASTELL I - São Carlos/SP - CEP 13561-352",nominatim,-22.0180395,-47.891154,"São Carlos, Região Imediata de São Carlos, Região Geográfica Intermediária de Araraquara, São Paulo, Região Sudeste, Brasil"
"AVENIDA TEIXEIRA DE BARROS, 887 - ANDAR: 1; - VILA PRADO - São Carlos/SP - CEP 13574-033",nominatim,-22.0180395,-47.891154,"São Carlos, Região Imediata de São Carlos, Região Geográfica Intermediária de Araraquara, São Paulo, Região Sudeste, Brasil"
"AVENIDA COMENDADOR ALFREDO MAFFEI, 2542 - BOX   023 - JARDIM GIBERTONI - São Carlos/SP - CEP 13561-270",nominatim,-22.0180395,-47.891154,"São Carlos, Região Imediata de São Carlos, Região Geográfica Intermediária de Araraquara, São Paulo, Região Sudeste, Brasil"
"RUA MIGUEL PETRONI, 4900 - CASA  19                  SALA  1 - RESIDENCIAL ELDORADO - São Carlos/SP - CEP 13563-691",arcgis,-21.981790984041,-47.926784003119,"Rua Miguel Petroni 4900, Casa 19, São Carlos, São Paulo, 13563-691"
"RUA TREZE DE MAIO, 2876 - JARDIM SAO CARLOS - São Carlos/SP - CEP 13560-647",nominatim,-22.018874,-47.8967251,"Rua Treze de Maio, Jardim São Carlos, São Carlos, Região Imediata de São Carlos, Região Geográfica Intermediária de Araraquara, São Paulo, Região Sudeste, 13560-647, Brasil"
"RUA RUA ODETTE DE CAMPOS DAMHA, 77 - CHACARA SAO JOAO - São Carlos/SP - CEP 13569-220",nominatim,-22.0180395,-47.891154,"São Carlos, Região Imediata de São Carlos, Região Geográfica Intermediária de Araraquara, São Paulo, Região Sudeste, Brasil"
"RUA ALFEO AMBROGIO, 735 - FUNDOSSALA A - JARDIM MERCEDES - São Carlos/SP - CEP 13570-540",arcgis,-22.029600982568,-47.882472988163,"Rua Alfeo Ambrogio 735, São Carlos, São Paulo, 13570-540"
"PASSEIO DAS MAGNOLIAS, 121 - APT   81                  EDIF  WASSILY KANDINSKY - PARQUE FABER CASTELL I - São Carlos/SP - CEP 13561-381",arcgis,-22.014862788848,-47.916078887841,"13561-381, São Carlos, São Paulo"
"RUA FRANCISCO DE OLIVEIRA PENTEADO, 120 - BOA VISTA - São Carlos/SP - CEP 13574-011",nominatim,-22.0281832,-47.9041754,"Rua Francisco de Oliveira Penteado, Vila Boa Vista I, São Carlos, Região Imediata de São Carlos, Região Geográfica Intermediária de Araraquara, São Paulo, Região Sudeste, 13574-009, Brasil"
"RUA ANTONIO RODRIGUES CAJADO, 1384 - SALA  B 2 A - VILA MONTEIRO (GLEBA I) - São Carlos/SP - CEP 13560-291",arcgis,-22.016414991588,-47.883787019124,"Rua Antonio Rodrigues Cajado 1384, São Carlos, São Paulo, 13560-291"
"AVENIDA SAO CARLOS, 1553 - CENTRO - São Carlos/SP - CEP 13560-010",nominatim,-22.0180395,-47.891154,"São Carlos, Região Imediata de São Carlos, Região Geográfica Intermediária de Araraquara, São Paulo, Região Sudeste, Brasil"
"RUA ANDRE RINALDI PETRONI, 55 - SALA  2 - JARDIM PAULISTA - São Carlos/SP - CEP 13574-490",arcgis,-22.022507000725,-47.907090973066,"Rua Andre Rinaldi Petroni 55, São Carlos, São Paulo, 13574-490"
"RUA AMBROSIO DOS SANTOS, 394 - PLANALTO PARAISO - São Carlos/SP - CEP 13562-000",arcgis,-22.008833979261,-47.913033993874,"Rua Ambrosio Dos Santos 394, São Carlos, São Paulo, 13562-000"
"AVENIDA PROFESSOR LUIZ AUGUSTO DE OLIVEIRA, 91 - SALA  15 - VILA MARINA - São Carlos/SP - CEP 13566-340",nominatim,-22.0180395,-47.891154,"São Carlos, Região Imediata de São Carlos, Região Geográfica Intermediária de Araraquara, São Paulo, Região Sudeste, Brasil"
"RUA JULIO PRESTES DE ALBUQUERQUE, 280 - VILA JACOBUCCI - São Carlos/SP - CEP 13567-232",nominatim,-22.0066066,-47.871661,"Rua Júlio Prestes de Albuquerque, Vila Jacobucci, São Carlos, Região Imediata de São Carlos, Região Geográfica Intermediária de Araraquara, São Paulo, Região Sudeste, 13567-100, Brasil"
"RUA MANOEL JOAQUIM, 55 - CIDADE ARACY - São Carlos/SP - CEP 13573-118",nominatim,-22.0579348,-47.90152,"Rua Manoel Joaquim, Loteamento de Interesse Social Cidade Aracy, Bela Vista São-Carlense, São Carlos, Região Imediata de São Carlos, Região Geográfica Intermediária de Araraquara, São Paulo, Região Sudeste, 13573-059, Brasil"
"RUA EPISCOPAL, 2055 - CENTRO - São Carlos/SP - CEP 13560-049",nominatim,-22.0141737,-47.8917452,"Rua Episcopal, Centro, São Carlos, Região Imediata de São Carlos, Região Geográfica Intermediária de Araraquara, São Paulo, Região Sudeste, 13560-001, Brasil"
"RUA DONA ALEXANDRINA, 366 - SALA  02 - VILA MONTEIRO - São Carlos/SP - CEP 13560-290",nominatim,-22.0180395,-47.891154,"São Carlos, Região Imediata de São Carlos, Região Geográfica Intermediária de Araraquara, São Paulo, Região Sudeste, Brasil"
"AVENIDA PROFESSORA MARIA DE CRESCI LEOPOLDINO, 755 - CASA  34 - CONDOMINIO RESIDENCIAL QUEBEC - São Carlos/SP - CEP 13563-623",arcgis,-21.982241656519,-47.929318597017,"Avenida Professora Maria de Cresci Leopoldino 34, São Carlos, São Paulo, 13563"
"RUA SAO JOAQUIM, 1454 - VILA MONTEIRO (GLEBA I) - São Carlos/SP - CEP 13560-300",nominatim,-22.0233489,-47.8885295,"Rua São Joaquim, Vila Monteiro Gleba I, São Carlos, Região Imediata de São Carlos, Região Geográfica Intermediária de Araraquara, São Paulo, Região Sudeste, 13560-294, Brasil"
"RUA BASILIO DIBBO, 305 - JARDIM CRUZEIRO DO SUL - São Carlos/SP - CEP 13572-070",nominatim,-22.0412231,-47.8883588,"Rua Basílio Dibbo, Jardim Cruzeiro do Sul, Bela Vista São-Carlense, São Carlos, Região Imediata de São Carlos, Região Geográfica Intermediária de Araraquara, São Paulo, Região Sudeste, 13572-082, Brasil"
"RUA MADRE SAINT BERNARD, 861 - JARDIM PARAISO - São Carlos/SP - CEP 13561-190",nominatim,-22.0097746,-47.9024927,"Rua Madre Saint Bernard, Jardim Paraíso, São Carlos, Região Imediata de São Carlos, Região Geográfica Intermediária de Araraquara, São Paulo, Região Sudeste, 13561-130, Brasil"
"AVENIDA SAO CARLOS, 1031 - CENTRO - São Carlos/SP - CEP 13560-002",nominatim,-22.0180395,-47.891154,"São Carlos, Região Imediata de São Carlos, Região Geográfica Intermediária de Araraquara, São Paulo, Região Sudeste, Brasil"
"RUA EPISCOPAL, 1149 - CENTRO - São Carlos/SP - CEP 13560-570",nominatim,-22.0204993,-47.8918017,"1149, Rua Episcopal, Centro, São Carlos, Região Imediata de São Carlos, Região Geográfica Intermediária de Araraquara, São Paulo, Região Sudeste, 13561-270, Brasil"
"RUA LUIZ ROHER, 975 - JARDIM RICETTI - São Carlos/SP - CEP 13570-002",nominatim,-22.0266493,-47.8777433,"Rua Luiz Roher, Jardim Ricetti, São Carlos, Região Imediata de São Carlos, Região Geográfica Intermediária de Araraquara, São Paulo, Região Sudeste, 13570-060, Brasil"
"AVENIDA SAVERIO TALARICO, 220 - JARDIM RICETTI - São Carlos/SP - CEP 13570-090",arcgis,-22.029959015562,-47.876062005701,"Avenida Saverio Talarico 220, São Carlos, São Paulo, 13570-090"
"RUA DOMINGOS DE ANGELIS, 423 - JARDIM SAO RAFAEL - São Carlos/SP - CEP 13568-080",nominatim,-22.0182449,-47.8503669,"Rua Domingos de Angelis, Jardim São Rafael, Vila Nery, São Carlos, Região Imediata de São Carlos, Região Geográfica Intermediária de Araraquara, São Paulo, Região Sudeste, 13571-291, Brasil"
"RUA ANTONIO FISCHER DOS SANTOS, 380 - LOTE  04                  QUADRAJ - JARDIM PAULISTANO - São Carlos/SP - CEP 13564-390",arcgis,-21.994712568084,-47.898320306627,"Rua Antônio Fischer dos Santos 380, Jardim Paulistano, São Carlos, São Paulo, 13564-390"
"RUA BENEDITO DA SILVA, 1077 - JARDIM SAO CARLOS - São Carlos/SP - CEP 13560-645",nominatim,-22.0182949,-47.9002341,"Rua Benedito da Silva, Jardim São Carlos, São Carlos, Região Imediata de São Carlos, Região Geográfica Intermediária de Araraquara, São Paulo, Região Sudeste, 13560-647, Brasil"
"RUA ROBERTO DE JESUS AFFONSO, 1380 - PARQUE SANTA FELICIA JARDIM - São Carlos/SP - CEP 13562-382",nominatim,-22.0009233,-47.9136172,"Rua Roberto de Jesus Affonso, Parque Jardim Santa Felícia, São Carlos, Região Imediata de São Carlos, Região Geográfica Intermediária de Araraquara, São Paulo, Região Sudeste, 13562-150, Brasil"
"RUA DOM PEDRO II, 1686 - VILA MONTEIRO - São Carlos/SP - CEP 13560-320",nominatim,-22.0233316,-47.8875696,"Rua Dom Pedro II, Vila Monteiro Gleba I, São Carlos, Região Imediata de São Carlos, Região Geográfica Intermediária de Araraquara, São Paulo, Região Sudeste, 13560-294, Brasil"
"RUA PADRE TEIXEIRA, 3558 - CENTRO - São Carlos/SP - CEP 13560-210",nominatim,-22.0140905,-47.8838192,"Rua Padre Teixeira, Vila Elisabeth, São Carlos, Região Imediata de São Carlos, Região Geográfica Intermediária de Araraquara, São Paulo, Região Sudeste, 13560-350, Brasil"
"RUA ANTONIO RODRIGUES CAJADO, 960 - SALA  01 E 02 - VILA MONTEIRO (GLEBA 1) - São Carlos/SP - CEP 13560-291",arcgis,-22.019359009349,-47.883704960292,"Rua Antonio Rodrigues Cajado 960, São Carlos, São Paulo, 13560-291"
"RUA PROFESSOR JOSE FERRAZ CAMARGO, 350 - VILA CELINA - São Carlos/SP - CEP 13566-440",nominatim,-22.0180395,-47.891154,"São Carlos, Região Imediata de São Carlos, Região Geográfica Intermediária de Araraquara, São Paulo, Região Sudeste, Brasil"
"RUA RUI BARBOSA, 735 - CENTRO - São Carlos/SP - CEP 13560-330",nominatim,-22.0149789,-47.8867445,"Rua Rui Barbosa, Jardim Macarengo, São Carlos, Região Imediata de São Carlos, Região Geográfica Intermediária de Araraquara, São Paulo, Região Sudeste, 13560-161, Brasil"
"AVENIDA SAO CARLOS, 1298 - SALA  05 - CENTRO - São Carlos/SP - CEP 13560-011",nominatim,-22.0180395,-47.891154,"São Carlos, Região Imediata de São Carlos, Região Geográfica Intermediária de Araraquara, São Paulo, Região Sudeste, Brasil"
"RUA SETE DE SETEMBRO, 2181 - CENTRO - São Carlos/SP - CEP 13560-180",nominatim,-22.0158953,-47.8837758,"Rua Sete de Setembro, Vila Elisabeth, São Carlos, Região Imediata de São Carlos, Região Geográfica Intermediária de Araraquara, São Paulo, Região Sudeste, 13560-181, Brasil"
"AVENIDA BRUNO RUGGIERO FILHO, 101 - BLOCO F                   APT   118 - PARQUE SANTA FELICIA JARDIM - São Carlos/SP - CEP 13562-420",nominatim,-22.0180395,-47.891154,"São Carlos, Região Imediata de São Carlos, Região Geográfica Intermediária de Araraquara, São Paulo, Região Sudeste, Brasil"
"RUA NACOES UNIDAS, 795 - JARDIM CRUZEIRO DO SUL - São Carlos/SP - CEP 13572-082",nominatim,-22.0426023,-47.8916212,"Rua Nações Unidas, Jardim Cruzeiro do Sul, Bela Vista São-Carlense, São Carlos, Região Imediata de São Carlos, Região Geográfica Intermediária de Araraquara, São Paulo, Região Sudeste, 13572-082, Brasil"
"AVENIDA DOUTOR CARLOS BOTELHO, 2575 - SALA  01 - CENTRO - São Carlos/SP - CEP 13560-251",nominatim,-22.0180395,-47.891154,"São Carlos, Região Imediata de São Carlos, Região Geográfica Intermediária de Araraquara, São Paulo, Região Sudeste, Brasil"
"AVENIDA FRANCISCO FALVO, 180 - RESIDENCIAL SAMAMBAIA - São Carlos/SP - CEP 13565-545",arcgis,-21.958018984626,-47.887094015203,"Avenida Francisco Falvo 180, Água Vermelha, São Carlos, São Paulo, 13565-545"
"RUA HENRIQUE ALVES FILHO, 130 - JARDIM DAS TORRES - São Carlos/SP - CEP 13575-510",nominatim,-22.0302622,-47.9118607,"Rua Henrique Alves Filho, Jardim Bicão, Bela Vista São-Carlense, São Carlos, Região Imediata de São Carlos, Região Geográfica Intermediária de Araraquara, São Paulo, Região Sudeste, 13574-009, Brasil"
"AVENIDA FRANCISCO PEREIRA LOPES, 1701 - TERREOSALAS 17 E 18 - PARQUE SANTA MONICA - São Carlos/SP - CEP 13561-250",nominatim,-22.0180395,-47.891154,"São Carlos, Região Imediata de São Carlos, Região Geográfica Intermediária de Araraquara, São Paulo, Região Sudeste, Brasil"
"RUA VINTE E OITO DE SETEMBRO, 1993 - SALA  03 - CENTRO - São Carlos/SP - CEP 13560-270",arcgis,-22.010536008519,-47.891109030643,"Rua Vinte E Oito De Setembro 1993, São Carlos, São Paulo, 13560-270"
"RUA TREZE DE MAIO, 2415 - JARDIM SAO CARLOS - São Carlos/SP - CEP 13560-647",nominatim,-22.018874,-47.8967251,"Rua Treze de Maio, Jardim São Carlos, São Carlos, Região Imediata de São Carlos, Região Geográfica Intermediária de Araraquara, São Paulo, Região Sudeste, 13560-647, Brasil"
"RUA JOSE RIGA, 330 - RESIDENCIAL SAMAMBAIA - São Carlos/SP - CEP 13565-560",nominatim,-21.9576578,-47.8852443,"Rua José Riga, Samambaia Residencial, Água Vermelha, São Carlos, Região Imediata de São Carlos, Região Geográfica Intermediária de Araraquara, São Paulo, Região Sudeste, 13565-251, Brasil"
"RUA QUINZE DE NOVEMBRO, 2190 - SALA  04 - CENTRO - São Carlos/SP - CEP 13560-240",nominatim,-22.0180395,-47.891154,"São Carlos, Região Imediata de São Carlos, Região Geográfica Intermediária de Araraquara, São Paulo, Região Sudeste, Brasil"
"RUA DOM PEDRO II, 1.845 - VILA MONTEIRO - São Carlos/SP - CEP 13560-320",nominatim,-22.0233316,-47.8875696,"Rua Dom Pedro II, Vila Monteiro Gleba I, São Carlos, Região Imediata de São Carlos, Região Geográfica Intermediária de Araraquara, São Paulo, Região Sudeste, 13560-294, Brasil"
"RUA VINTE E OITO DE SETEMBRO, 2350 - BLOCO 01;ANDAR 11;APT 92 - CENTRO - São Carlos/SP - CEP 13560-270",arcgis,-22.010581983258,-47.887400960497,"Rua 28 De Setembro 2350, Apartamento 92, São Carlos, São Paulo, 13560-270"
"AVENIDA JOSE POIANAS, 152 - PARQUE DOS TIMBURIS - São Carlos/SP - CEP 13569-700",arcgis,-22.017397979282,-47.857999004357,"Avenida Jose Poianas 152, Vila Nery, São Carlos, São Paulo, 13569-615"
"RUA DOUTOR PROCOPIO TOLEDO MALTA, 41 - PARQUE SANTA FELICIA JARDIM - São Carlos/SP - CEP 13563-308",nominatim,-21.9968976,-47.9154503,"Rua Doutor Procópio de Toledo Malta, Jardim Acapulco, São Carlos, Região Imediata de São Carlos, Região Geográfica Intermediária de Araraquara, São Paulo, Região Sudeste, 13562-190, Brasil"
"RUA CONDE DO PINHAL, 1762 - JARDIM SAO CARLOS - São Carlos/SP - CEP 13560-648",nominatim,-22.0180242,-47.8928099,"1762, Rua Conde do Pinhal, Jardim São Carlos, Centro, São Carlos, Região Imediata de São Carlos, Região Geográfica Intermediária de Araraquara, São Paulo, Região Sudeste, 13560-210, Brasil"
"RUA BYRON ORTIZ DE ARAUJO, 304 - VILA JACOBUCCI - São Carlos/SP - CEP 13567-230",nominatim,-22.0062711,-47.8710469,"Rua Byron Ortiz de Araújo, Vila Jacobucci, São Carlos, Região Imediata de São Carlos, Região Geográfica Intermediária de Araraquara, São Paulo, Região Sudeste, 13567-330, Brasil"
"RUA RAFAEL DE ABREU SAMPAIO VIDAL, 1417 - CENTRO - São Carlos/SP - CEP 13560-050",nominatim,-22.0154289,-47.8828182,"Rua Rafael de Abreu Sampaio Vidal, Vila Elisabeth, São Carlos, Região Imediata de São Carlos, Região Geográfica Intermediária de Araraquara, São Paulo, Região Sudeste, 13560-201, Brasil"
"RUA HUMBERTO  DE CAMPOS, 591 - VILA LUTFALLA - São Carlos/SP - CEP 13570-670",nominatim,-22.0310015,-47.8874397,"Rua Humberto de Campos, Vila Lutfalla, São Carlos, Região Imediata de São Carlos, Região Geográfica Intermediária de Araraquara, São Paulo, Região Sudeste, 13570-592, Brasil"
"RUA PAULO FRAGOSO COIMBRA, 275 - APT   82 - JARDIM ALVORADA - São Carlos/SP - CEP 13562-340",arcgis,-22.009273987268,-47.906535001428,"Rua Paulo Fragoso Coimbra 275, Apartamento 82, São Carlos, São Paulo, 13562-340"
"RUA JOSE DE PAULA LATTANZIO, 250 - PARQUE PRIMAVERA - São Carlos/SP - CEP 13567-510",arcgis,-22.008465007883,-47.867481032325,"Rua Jose De Paula Lattanzio 250, Vila Nery, São Carlos, São Paulo, 13567-510"
"RUA PROFESSOR HELVIDEO GOUVEA, 286 - VILA BOA VISTA - São Carlos/SP - CEP 13574-010",arcgis,-22.036016994173,-47.898040026379,"Rua Professor Helvideo Gouvea 286, Bela Vista São-Carlense, São Carlos, São Paulo, 13574-010"
"RUA ABRAHAO JOAO, 960 - JARDIM BANDEIRANTES - São Carlos/SP - CEP 13562-150",nominatim,-22.0021104,-47.907599,"Rua Abrahão João, Jardim Bandeirantes, São Carlos, Região Imediata de São Carlos, Região Geográfica Intermediária de Araraquara, São Paulo, Região Sudeste, 13561-250, Brasil"
"RUA PASSEIO DOS FLAMBOYANTS, 60 - SALA  407                 COND  TRIADE                    PREDIO SAO PAULO - PQ FABER CASTELL I - São Carlos/SP - CEP 13561-352",nominatim,-22.0180395,-47.891154,"São Carlos, Região Imediata de São Carlos, Região Geográfica Intermediária de Araraquara, São Paulo, Região Sudeste, Brasil"
"AVENIDA DOM CARMINE ROCCO, 995 - JARDIM TANGARA - São Carlos/SP - CEP 13568-120",nominatim,-22.0180395,-47.891154,"São Carlos, Região Imediata de São Carlos, Região Geográfica Intermediária de Araraquara, São Paulo, Região Sudeste, Brasil"
"RUA JOAQUIM AUGUSTO RIBEIRO DE SOUZA, 924 - PARQUE SANTA FELICIA JARDIM - São Carlos/SP - CEP 13563-330",nominatim,-21.998789,-47.9201675,"Rua Joaquim Augusto Ribeiro de Souza, Parque Jardim Santa Felícia, São Carlos, Região Imediata de São Carlos, Região Geográfica Intermediária de Araraquara, São Paulo, Região Sudeste, 13563-301, Brasil"
"RUA CANDIDO PADIM, 321 - VILA PRADO - São Carlos/SP - CEP 13574-320",nominatim,-22.0242702,-47.8995775,"Rua Cândido Padim, Jardim São Carlos, Vila Prado, São Carlos, Região Imediata de São Carlos, Região Geográfica Intermediária de Araraquara, São Paulo, Região Sudeste, 13574-300, Brasil"
"RUA TREZE DE MAIO, 3345 - VILA FARIA - São Carlos/SP - CEP 13569-040",arcgis,-22.018561010258,-47.877491958382,"Rua 13 De Maio 3345, São Carlos, São Paulo, 13569-040"
"RUA JESUINO DE ARRUDA, 3040 - BRCAO - JARDIM SAO CARLOS - São Carlos/SP - CEP 13560-642",arcgis,-22.019633131693,-47.881701619986,"Rua Jesuíno de Arruda 3040, Jardim Brasil, São Carlos, São Paulo, 13560-642"
"RUA GEMINIANO COSTA, SN - BOX 4 - JARDIM BRASIL - São Carlos/SP - CEP 13569-310",arcgis,-22.020401744937,-47.877726998952,"Rua Geminiano Costa, Jardim Brasil, São Carlos, São Paulo, 13569-310"
"RUA FIRMINO BRIGANTE, 475 - CIDADE ARACY - São Carlos/SP - CEP 13573-122",nominatim,-22.0569924,-47.9008303,"Rua Firmino Brigante, Loteamento de Interesse Social Cidade Aracy, Bela Vista São-Carlense, São Carlos, Região Imediata de São Carlos, Região Geográfica Intermediária de Araraquara, São Paulo, Região Sudeste, 13573-059, Brasil"
"RUA ANTONIO BLANCO, 1.451 - SALA  A - JARDIM SAO JOAO BATISTA - São Carlos/SP - CEP 13567-060",nominatim,-22.0180395,-47.891154,"São Carlos, Região Imediata de São Carlos, Região Geográfica Intermediária de Araraquara, São Paulo, Região Sudeste, Brasil"
"RUA JOAQUIM EDUARDO CATARINO, 1925 - CASA - VILA RANCHO VELHO - São Carlos/SP - CEP 13569-070",arcgis,-22.017011992641,-47.871152976468,"Rua Joaquim Eduardo Catarino 1925, Vila Nery, São Carlos, São Paulo, 13569-070"
"RUA GENERAL OSORIO, 437 - JARDIM SAO CARLOS - São Carlos/SP - CEP 13560-640",nominatim,-22.0216567,-47.8951007,"437, Rua General Osório, Jardim São Carlos, Centro, São Carlos, Região Imediata de São Carlos, Região Geográfica Intermediária de Araraquara, São Paulo, Região Sudeste, 13560-640, Brasil"
"RUA MARECHAL DEODORO, 2817 - CENTRO - São Carlos/SP - CEP 13560-201",nominatim,-22.0150344,-47.8867435,"Rua Marechal Deodoro, Quarteirão Shopping, Vila Elisabeth, São Carlos, Região Imediata de São Carlos, Região Geográfica Intermediária de Araraquara, São Paulo, Região Sudeste, 13560-161, Brasil"
"RUA JOSE BENETTI, 294 - VILA PRADO - São Carlos/SP - CEP 13574-300",nominatim,-22.0267839,-47.9018321,"Rua José Benetti, Vila Bela Vista, São Carlos, Região Imediata de São Carlos, Região Geográfica Intermediária de Araraquara, São Paulo, Região Sudeste, 13574-280, Brasil"
"RUA ERNESTO CHIARI, 369 - TERREO - JARDIM SOCIAL BELVEDERE - São Carlos/SP - CEP 13575-801",arcgis,-22.040388994869,-47.903633018911,"Rua Ernesto Chiari 369, Bela Vista São-Carlense, São Carlos, São Paulo, 13575-801"
"RUA GOIAS, 320 - JARDIM PACAEMBU - São Carlos/SP - CEP 13572-331",nominatim,-22.0375442,-47.8941252,"Rua Goiás, Jardim Cruzeiro do Sul, Bela Vista São-Carlense, São Carlos, Região Imediata de São Carlos, Região Geográfica Intermediária de Araraquara, São Paulo, Região Sudeste, 13574-240, Brasil"
"RUA NOVE DE JULHO, 1280 - CENTRO - São Carlos/SP - CEP 13560-042",nominatim,-22.0169484,-47.8926722,"Rua Nove de Julho, Centro, São Carlos, Região Imediata de São Carlos, Região Geográfica Intermediária de Araraquara, São Paulo, Região Sudeste, 13560-210, Brasil"
"RUA GASTAO VIEIRA, 807 - PARQUE SANTA FELICIA JARDIM - São Carlos/SP - CEP 13562-410",nominatim,-22.0023141,-47.9166597,"Rua Gastão Vieira, Parque Jardim Santa Felícia, São Carlos, Região Imediata de São Carlos, Região Geográfica Intermediária de Araraquara, São Paulo, Região Sudeste, 13562-110, Brasil"
"RUA LINO BARROS DE MOURA, 235 - JARDIM EMBARE - São Carlos/SP - CEP 13563-842",nominatim,-21.9660334,-47.9292175,"Rua Lino Barros de Moura, Jardim Embaré, São Carlos, Região Imediata de São Carlos, Região Geográfica Intermediária de Araraquara, São Paulo, Região Sudeste, 13563-842, Brasil"
"RUA JOAQUIM AUGUSTO RIBEIRO DE SOUZA, 1280 - PARQUE SANTA FELICIA JARDIM - São Carlos/SP - CEP 13563-330",nominatim,-21.998789,-47.9201675,"Rua Joaquim Augusto Ribeiro de Souza, Parque Jardim Santa Felícia, São Carlos, Região Imediata de São Carlos, Região Geográfica Intermediária de Araraquara, São Paulo, Região Sudeste, 13563-301, Brasil"
"PASSEIO DOS FLAMBOYANTS, 60 - CONJ  UNIDADE 306 - PARQUE FABER CASTELL I - São Carlos/SP - CEP 13561-352",nominatim,-22.0180395,-47.891154,"São Carlos, Região Imediata de São Carlos, Região Geográfica Intermediária de Araraquara, São Paulo, Região Sudeste, Brasil"
"AVENIDA DOUTOR CARLOS BOTELHO, 1886 - SALA  02 - CENTRO - São Carlos/SP - CEP 13560-250",nominatim,-22.0180395,-47.891154,"São Carlos, Região Imediata de São Carlos, Região Geográfica Intermediária de Araraquara, São Paulo, Região Sudeste, Brasil"
"RUA PADRE TEIXEIRA, 1326 - CENTRO - São Carlos/SP - CEP 13560-210",nominatim,-22.0140905,-47.8838192,"Rua Padre Teixeira, Vila Elisabeth, São Carlos, Região Imediata de São Carlos, Região Geográfica Intermediária de Araraquara, São Paulo, Região Sudeste, 13560-350, Brasil"
"RUA PROFESSOR CAIO DE FIGUEREDO SILVA, 106 - AZULVILLE I - São Carlos/SP - CEP 13571-170",arcgis,-22.026816011419,-47.868029041154,"Rua Professor Caio De Figueiredo Silva 106, São Carlos, São Paulo, 13571-170"
"RUA JOSE RODRIGUES SAMPAIO, 777 - APT   TORRE A - AP 81-A - CENTREVILLE - São Carlos/SP - CEP 13560-710",arcgis,-22.024422014144,-47.881855996271,"Rua Jose Rodrigues Sampaio 777, Apartamento 81, Bloco 2, São Carlos, São Paulo, 13560-710"
"RUA GEMINIANO COSTA, 119 - JARDIM SAO CARLOS - São Carlos/SP - CEP 13560-641",nominatim,-22.0203838,-47.8765542,"Rua Geminiano Costa, Jardim Cardinali, São Carlos, Região Imediata de São Carlos, Região Geográfica Intermediária de Araraquara, São Paulo, Região Sudeste, 13569-000, Brasil"
"RUA ANTONIO PASCHOAL, 1518 - RESIDENCIAL MONSENHOR ROMEU TORTORELLI - São Carlos/SP - CEP 13562-502",nominatim,-22.008667,-47.9205367,"Rua Antonio Paschoal, Residencial Monsenhor Romeu Tortorelli, São Carlos, Região Imediata de São Carlos, Região Geográfica Intermediária de Araraquara, São Paulo, Região Sudeste, 13562-420, Brasil"
"RUA PASSEIO DOS IPES, 320 - SALA  409                 COND  TRIADE01TORRELONDRES - PARQUE FABER CASTELL I - São Carlos/SP - CEP 13561-385",arcgis,-22.019622203971,-47.915930413768,"Rua Passeio dos Ipês 320, São Carlos, São Paulo, 13561-385"
"RUA PASSEIO DOS IPES, 320 - CONJ  206                 EDIF  TORRE LONDRES - PARQUE FABER CASTELL I - São Carlos/SP - CEP 13561-385",arcgis,-22.019622203971,-47.915930413768,"Rua Passeio dos Ipês 320, São Carlos, São Paulo, 13561-385"
"RUA MONTEIRO LOBATO, 2120 - GARAGE - JARDIM BRASIL - São Carlos/SP - CEP 13569-290",arcgis,-22.01319101826,-47.87681696372,"Rua Monteiro Lobato 2120, Vila Nery, São Carlos, São Paulo, 13569-290"
"RUA JULIA PAIXAO DAVID, 238 - JARDIM ZAVAGLIA - São Carlos/SP - CEP 13573-566",arcgis,-22.043926996199,-47.922499006578,"Rua Julia Paixao David 238, Bela Vista São-Carlense, São Carlos, São Paulo, 13573-566"
"RUA GEMINIANO COSTA, SN - BOX 17 - JARDIM SAO CARLOS - São Carlos/SP - CEP 13560-641",arcgis,-22.020839001993,-47.897187000093,"Rua Geminiano Costa 17, São Carlos, São Paulo, 13569-310"
"RUA MARECHAL DEODORO, 2745 - FUNDOS - CENTRO - São Carlos/SP - CEP 13560-201",nominatim,-22.0180395,-47.891154,"São Carlos, Região Imediata de São Carlos, Região Geográfica Intermediária de Araraquara, São Paulo, Região Sudeste, Brasil"
"RUA BENTO CARLOS, 1458 - GALPAO1 - CENTRO - São Carlos/SP - CEP 13560-660",arcgis,-22.022216986875,-47.880379021112,"Rua Bento Carlos 1458, São Carlos, São Paulo, 13569-330"
"RUA SANTA CRUZ, 148 - SALA 02 - CENTREVILLE - São Carlos/SP - CEP 13560-680",arcgis,-22.023492000077,-47.893285978536,"Rua Santa Cruz 148, São Carlos, São Paulo, 13560-680"
"RUA PADRE JOSE LOPES DE OLIVEIRA, 68 - JARDIM BANDEIRANTES - São Carlos/SP - CEP 13562-270",nominatim,-22.0014181,-47.907471,"Rua Padre José Lopes de Oliveira, Jardim Bandeirantes, São Carlos, Região Imediata de São Carlos, Região Geográfica Intermediária de Araraquara, São Paulo, Região Sudeste, 13561-250, Brasil"
"RUA MAJOR JOSE INACIO, 2400 - APT   AP 52   6 PAVIMENTO - CENTRO - São Carlos/SP - CEP 13560-160",nominatim,-22.0180395,-47.891154,"São Carlos, Região Imediata de São Carlos, Região Geográfica Intermediária de Araraquara, São Paulo, Região Sudeste, Brasil"
"AVENIDA FILOMENA RISPOLI, 569 - PARQUE SANTA MARTA - São Carlos/SP - CEP 13564-200",arcgis,-21.994469995608,-47.906613036947,"Avenida Filomeno Rispoli 569, São Carlos, São Paulo, 13564-200"
"RUA VITORIO GIOMETI, 591 - JARDIM NOVA SANTA PAULA - São Carlos/SP - CEP 13564-330",arcgis,-21.997218002564,-47.900758026122,"Rua Vitorio Giometti 591, São Carlos, São Paulo, 13564-330"
"PASSEIO DOS FLAMBOYANTS, 60 - COND  TRIADE 02           EDIF  SAO PAULO           SALA  208 - PARQUE FABER CASTELL I - São Carlos/SP - CEP 13561-352",nominatim,-22.0180395,-47.891154,"São Carlos, Região Imediata de São Carlos, Região Geográfica Intermediária de Araraquara, São Paulo, Região Sudeste, Brasil"
"RUA NUNCIO CARDINALLI, 330 - VILA IZABEL - São Carlos/SP - CEP 13570-786",arcgis,-22.036398694325,-47.882402550032,"Rua Núncio Cardinalli 330, São Carlos, São Paulo, 13570-786"
"RUA BASILIO DIBBO, 374 - VILA MORUMBI - São Carlos/SP - CEP 13572-070",arcgis,-22.038355000335,-47.890037991055,"Rua Basilio Dibbo 374, Bela Vista São-Carlense, São Carlos, São Paulo, 13572-070"
"RUA DONA MARIA IZABEL DE OLIVEIRA BOTELHO, 1000 - BLOCO 03;APT 406 - JARDIM BRASIL - São Carlos/SP - CEP 13569-265",nominatim,-22.0180395,-47.891154,"São Carlos, Região Imediata de São Carlos, Região Geográfica Intermediária de Araraquara, São Paulo, Região Sudeste, Brasil"
"PASSEIO DAS CASTANHEIRAS, 431 - CONJ  606                 COND  TRIADE 03           EDIF  NOVA YORK - PARQUE FABER CASTELL I - São Carlos/SP - CEP 13561-384",arcgis,-22.019983552392,-47.91629210488,"Passeio das Castenheiras 431, São Carlos, São Paulo, 13561"
"RUA PARAGUAI, 355 - VILA BRASILIA - São Carlos/SP - CEP 13566-650",arcgis,-21.995663997715,-47.879073036778,"Rua Paraguai 355, São Carlos, São Paulo, 13566-650"
"RUA FRANCISCO MARIGO, 790 - JARDIM CRUZEIRO DO SUL - São Carlos/SP - CEP 13572-090",nominatim,-22.0430865,-47.8889323,"Rua Francisco Marigo, Jardim Cruzeiro do Sul, Bela Vista São-Carlense, São Carlos, Região Imediata de São Carlos, Região Geográfica Intermediária de Araraquara, São Paulo, Região Sudeste, 13572-082, Brasil"
"RUA JOSE BENETTI, 289 - VILA PRADO - São Carlos/SP - CEP 13574-300",nominatim,-22.0267839,-47.9018321,"Rua José Benetti, Vila Bela Vista, São Carlos, Região Imediata de São Carlos, Região Geográfica Intermediária de Araraquara, São Paulo, Região Sudeste, 13574-280, Brasil"
"RUA CONDE DO PINHAL, 2359 - APT   43 - JARDIM SAO CARLOS - São Carlos/SP - CEP 13560-648",nominatim,-22.0180395,-47.891154,"São Carlos, Região Imediata de São Carlos, Região Geográfica Intermediária de Araraquara, São Paulo, Região Sudeste, Brasil"
"RUA MIGUEL JOAO, 940 - SALA  01 - JARDIM BANDEIRANTES - São Carlos/SP - CEP 13562-180",nominatim,-22.0180395,-47.891154,"São Carlos, Região Imediata de São Carlos, Região Geográfica Intermediária de Araraquara, São Paulo, Região Sudeste, Brasil"
"RUA MAJOR MANOEL ANTONIO DE MATTOS, 126 - JARDIM RICETTI - São Carlos/SP - CEP 13560-831",nominatim,-22.0180395,-47.891154,"São Carlos, Região Imediata de São Carlos, Região Geográfica Intermediária de Araraquara, São Paulo, Região Sudeste, Brasil"
"RUA JOSE ZAVAGLIA, 390 - LOJA B - CIDADE ARACY - São Carlos/SP - CEP 13573-095",arcgis,-22.059621020248,-47.903617009476,"Rua Jose Zavaglia 390, Bela Vista São-Carlense, São Carlos, São Paulo, 13573-095"
"RUA JOSE DUARTE DE SOUZA, 372 - JARDIM SANTA PAULA - São Carlos/SP - CEP 13564-030",nominatim,-22.0004738,-47.9020031,"Rua José Duarte de Souza, Jardim Santa Paula, São Carlos, Região Imediata de São Carlos, Região Geográfica Intermediária de Araraquara, São Paulo, Região Sudeste, 13564-031, Brasil"
"RUA AURELIO SANCHEZ, 195 - QUADRA 09 LOTE 518 - JARDIM SOCIAL BELVEDERE - São Carlos/SP - CEP 13575-805",arcgis,-22.042396448746,-47.904150946602,"Rua Aurélio Sanchez 195, São Carlos, São Paulo, 13575-805"
"RUA ALBERTO LANZONI, 659 - SALA  08 - PARQUE SANTA FELICIA JARDIM - São Carlos/SP - CEP 13562-390",arcgis,-22.003354980612,-47.913957009052,"Rua Alberto Lanzoni 659, São Carlos, São Paulo, 13562-390"
"AVENIDA PROFESSORA MARIA DE CRESCI LEOPOLDINO, 22 - CASA 55 - CONDOMINIO RESIDENCIAL MONTREAL - São Carlos/SP - CEP 13563-820",arcgis,-21.983966004096,-47.931164972452,"Rua Professora Maria De Cresci Leopoldino 22, Casa 55, São Carlos, São Paulo, 13563-820"
"RUA PADRE JOSE CARLOS DI MAMBRO, 94 - JARDIM SAO CARLOS 5 - São Carlos/SP - CEP 13563-532",arcgis,-21.993727987629,-47.92684804086,"Rua Padre Jose Carlos Di Mambro 94, São Carlos, São Paulo, 13563-532"
"RUA PROFESSOR ERNFRID FRICK, 819 - APT: 18; - JARDIM PARAISO - São Carlos/SP - CEP 13561-200",arcgis,-22.009490994741,-47.903285002291,"Rua Professor Ernfrid Frick 819, Apartamento 18, São Carlos, São Paulo, 13561-200"
"RUA RIACHUELO, 359 - CENTRO - São Carlos/SP - CEP 13560-110",nominatim,-22.0142204,-47.8957734,"Rua Riachuelo, Jardim São Carlos, Centro, São Carlos, Região Imediata de São Carlos, Região Geográfica Intermediária de Araraquara, São Paulo, Região Sudeste, 13560-110, Brasil"
"RUA SAO SEBASTIAO, 2304 - ANDAR 2                   SALA  21 - CENTRO - São Carlos/SP - CEP 13560-230",nominatim,-22.0180395,-47.891154,"São Carlos, Região Imediata de São Carlos, Região Geográfica Intermediária de Araraquara, São Paulo, Região Sudeste, Brasil"
"RUA MONTEIRO LOBATO, 330 - JARDIM BRASIL - São Carlos/SP - CEP 13569-290",nominatim,-22.0195751,-47.8769762,"Rua Monteiro Lobato, Jardim Cardinali, Loteamento D'Aquino, São Carlos, Região Imediata de São Carlos, Região Geográfica Intermediária de Araraquara, São Paulo, Região Sudeste, 13569-000, Brasil"
"RUA MARECHAL DEODORO, 2745 - CENTRO - São Carlos/SP - CEP 13560-201",nominatim,-22.0148226,-47.8836607,"Shopping das Baterias, 2745, Rua Marechal Deodoro, Quarteirão Shopping, Centro, São Carlos, Região Imediata de São Carlos, Região Geográfica Intermediária de Araraquara, São Paulo, Região Sudeste, 13560-201, Brasil"
"RUA ALFREDO LOPES, 1717 - CONJ  D05A - JARDIM MACARENCO - São Carlos/SP - CEP 13560-460",nominatim,-22.0180395,-47.891154,"São Carlos, Região Imediata de São Carlos, Região Geográfica Intermediária de Araraquara, São Paulo, Região Sudeste, Brasil"
"RUA OLAVO GODOY, 60 - GARAGE - JARDIM SAO CARLOS 5 - São Carlos/SP - CEP 13563-515",arcgis,-21.991106002587,-47.930181020838,"Rua Olavo Godoy 60, São Carlos, São Paulo, 13563-515"
"RUA MONSENHOR ROMEU TORTORELLI, 624 - CASA  B - JD MUNIQUE - São Carlos/SP - CEP 13568-525",arcgis,-21.998191015794,-47.863876981597,"Rua Monsenhor Romeu Tortorelli 624, Vila Nery, São Carlos, São Paulo, 13568-525"
"RUA JOAO OLIVEIRA JUNIOR, 50 - APT   410                 EDIF  DOS PINHAIS - CENTRO - São Carlos/SP - CEP 13560-170",arcgis,-22.015628014698,-47.899050967721,"Rua Joao De Oliveira Junior 50, Apartamento 410, Andar 11, São Carlos, São Paulo, 13560-170"
"RUA JOSE MORASCHI, 21 - JARDIM NOVA SAO CARLOS - São Carlos/SP - CEP 13570-150",arcgis,-22.0295178581,-47.874642247699,"Rua José Moraschi 21, Jardim Nova São Carlos, São Carlos, São Paulo, 13570-150"
"RUA BRAS CUBAS, 89 - JARDIM CENTENARIO - São Carlos/SP - CEP 13564-120",nominatim,-21.9976359,-47.9057083,"Rua Brás Cubas, Jardim Centenário, São Carlos, Região Imediata de São Carlos, Região Geográfica Intermediária de Araraquara, São Paulo, Região Sudeste, 13564-031, Brasil"
"RUA CAMPOS SALES, 2640 - VILA COSTA DO SOL - São Carlos/SP - CEP 13566-240",arcgis,-22.002865980381,-47.885069031215,"Rua Campos Salles 2640, São Carlos, São Paulo, 13566-240"
"RUA MARIA DO CARMO BERTOLAZO BARROS, 768 - RESIDENCIAL ITAMARATI - São Carlos/SP - CEP 13568-773",nominatim,-21.9975174,-47.8517274,"Rua Maria do Carmo Bertolazo Barros, Residencial Itamarati, Vila Nery, São Carlos, Região Imediata de São Carlos, Região Geográfica Intermediária de Araraquara, São Paulo, Região Sudeste, 13568-759, Brasil"
"RUA ANTONIO BLANCO, 1336 - JARDIM SAO JOAO BATISTA - São Carlos/SP - CEP 13567-060",nominatim,-22.0029079,-47.8788462,"Rua Antônio Blanco, Jardim São João Batista, São Carlos, Região Imediata de São Carlos, Região Geográfica Intermediária de Araraquara, São Paulo, Região Sudeste, 13567-060, Brasil"
"RUA ERNESTO CHIARI, 369 - JARDIM SOCIAL BELVEDERE - São Carlos/SP - CEP 13575-801",nominatim,-22.0428561,-47.9026295,"Rua Ernesto Chiari, Jardim Social Belvedere, Bela Vista São-Carlense, São Carlos, Região Imediata de São Carlos, Região Geográfica Intermediária de Araraquara, São Paulo, Região Sudeste, 13572-310, Brasil"
"RUA RIACHUELO, 1023 - SALA  01 - CENTRO - São Carlos/SP - CEP 13560-110",nominatim,-22.0180395,-47.891154,"São Carlos, Região Imediata de São Carlos, Região Geográfica Intermediária de Araraquara, São Paulo, Região Sudeste, Brasil"
"RUA ALBERTO LOURENCO RODRIGUES, 83 - JARDIM TANGARA - São Carlos/SP - CEP 13568-150",arcgis,-22.011269005952,-47.857228958913,"Rua Alberto Lourenco Rodrigues 83, Vila Nery, São Carlos, São Paulo, 13568-150"
"RUA DOUTOR MARINO COSTA TERRA, 1000 - BLOCO 5;APT 34 - PARQUE SABARA - São Carlos/SP - CEP 13567-640",arcgis,-22.015692010529,-47.860400000522,"Rua Doutor Marino Da Costa Terra 1000, Apartamento 34, Bloco 5, Vila Nery, São Carlos, São Paulo, 13567-640"
"RUA FRANCISCO CRESTANA, 599 - VILA NOSSA SENHORA DE FATIMA - São Carlos/SP - CEP 13567-202",nominatim,-22.0078367,-47.8703557,"Rua Francisco Crestana, Vila Jacobucci, São Carlos, Região Imediata de São Carlos, Região Geográfica Intermediária de Araraquara, São Paulo, Região Sudeste, 13567-181, Brasil"
"RUA GEORG PTAK, 252 - LETRA A - JARDIM SAO PAULO - São Carlos/SP - CEP 13570-420",arcgis,-22.035047558776,-47.879636127108,"Rua Georg Ptak 252, Jardim São Paulo, São Carlos, São Paulo, 13570-420"
"RUA ALFEO AMBROGIO, 570 - JARDIM MERCEDES - São Carlos/SP - CEP 13570-540",nominatim,-22.0302562,-47.8812543,"Rua Alfeo Ambrogio, Vila Alpes, São Carlos, Região Imediata de São Carlos, Região Geográfica Intermediária de Araraquara, São Paulo, Região Sudeste, 13560-831, Brasil"
"RUA DOM PEDRO II, 1150 - VILA MONTEIRO (GLEBA I) - São Carlos/SP - CEP 13560-320",nominatim,-22.0233316,-47.8875696,"Rua Dom Pedro II, Vila Monteiro Gleba I, São Carlos, Região Imediata de São Carlos, Região Geográfica Intermediária de Araraquara, São Paulo, Região Sudeste, 13560-294, Brasil"
"AVENIDA OTTO WERNER ROSEL, 1455 - CASA  278 - MORADAS SAO CARLOS I - São Carlos/SP - CEP 13563-673",nominatim,-22.0180395,-47.891154,"São Carlos, Região Imediata de São Carlos, Região Geográfica Intermediária de Araraquara, São Paulo, Região Sudeste, Brasil"
"RUA ROCHA POMBO, 141 - VILA LUTFALLA - São Carlos/SP - CEP 13570-675",nominatim,-22.0300112,-47.8883726,"Rua Rocha Pombo, Vila Lutfalla, São Carlos, Região Imediata de São Carlos, Região Geográfica Intermediária de Araraquara, São Paulo, Região Sudeste, 13570-592, Brasil"
"RUA DOUTOR JOAO SABINO, 1140 - VILA BOA VISTA 1 - São Carlos/SP - CEP 13575-050",arcgis,-22.034416008757,-47.905699996234,"Rua Doutor Joao Sabino 1140, Bela Vista São-Carlense, São Carlos, São Paulo, 13575-050"
"AVENIDA VICENTE LAURITO, 848 - CIDADE ARACY - São Carlos/SP - CEP 13573-005",arcgis,-22.063221005752,-47.897663008374,"Avenida Vicente Laurito 848, Bela Vista São-Carlense, São Carlos, São Paulo, 13573-005"
"RUA ALDINO DEL NERO, 672 - SALA  A - PARQUE ARNOLD SCHIMIDT - São Carlos/SP - CEP 13566-585",nominatim,-22.0180395,-47.891154,"São Carlos, Região Imediata de São Carlos, Região Geográfica Intermediária de Araraquara, São Paulo, Região Sudeste, Brasil"
"RUA RIO NEGRO, 350 - JARDIM JOCKEI CLUB A - São Carlos/SP - CEP 13565-060",arcgis,-21.979206005102,-47.900189984543,"Rua Rio Negro 350, São Carlos, São Paulo, 13565-060"
"RUA DANILO MICALLI, 50 - COND RECANTO DO BOSQUE CASA 57 - LOTEAMENTO MUNICIPAL SAO CARLOS 3 - São Carlos/SP - CEP 13563-264",arcgis,-21.999479020945,-47.924636978621,"Rua Danilo Micalli 50, Casa 57, São Carlos, São Paulo, 13563-264"
"RUA DOUTOR ALDERICO VIEIRA PERDIGAO, 80 - VILA MORUMBI - São Carlos/SP - CEP 13572-060",arcgis,-22.037365013751,-47.88974495972,"Rua Doutor Alderico Vieira Perdigao 80, Bela Vista São-Carlense, São Carlos, São Paulo, 13572-060"
"RUA DEOLINDO RAIMUNDO, 82 - JARDIM NOVA SAO CARLOS - São Carlos/SP - CEP 13570-211",arcgis,-22.029708019472,-47.871557990029,"Rua Deolindo Raimundo 82, São Carlos, São Paulo, 13570-211"
"AVENIDA PAPA PAULO VI, 572 - JARDIM CRUZEIRO DO SUL - São Carlos/SP - CEP 13572-140",arcgis,-22.045170115831,-47.889759889869,"Avenida Papa Paulo VI 572, Jardim Cruzeiro do Sul, São Carlos, São Paulo, 13572-140"
"RUA MARECHAL DEODORO, 2519 - CENTRO - São Carlos/SP - CEP 13560-200",nominatim,-22.0151695,-47.8957346,"Rua Marechal Deodoro, Jardim São Carlos, Centro, São Carlos, Região Imediata de São Carlos, Região Geográfica Intermediária de Araraquara, São Paulo, Região Sudeste, 13560-110, Brasil"
"ALAMEDA DAS AZALEIAS, 737 - CIDADE JARDIM - São Carlos/SP - CEP 13566-500",nominatim,-21.999543,-47.8922196,"Alameda das Azaleias, CIdade Jardim, Cidade Jardim, São Carlos, Região Imediata de São Carlos, Região Geográfica Intermediária de Araraquara, São Paulo, Região Sudeste, 13566-540, Brasil"
"RUA FLAUZINO MARQUES, 255 - SLJ   PISO SUPERIOR - JARDIM ALVORADA - São Carlos/SP - CEP 13562-002",arcgis,-22.008309020665,-47.908314982386,"Rua Flauzino Marques 255, São Carlos, São Paulo, 13562-002"
"RUA ALFREDO LOPES, 1057 - JARDIM MACARENGO - São Carlos/SP - CEP 13560-460",nominatim,-22.0076057,-47.8882892,"1057, Rua Alfredo Lopes, Jardim Macarengo, São Carlos, Região Imediata de São Carlos, Região Geográfica Intermediária de Araraquara, São Paulo, Região Sudeste, 13560-460, Brasil"
"RUA CHILE, 247 - SALA: 01; - VILA BRASILIA - São Carlos/SP - CEP 13566-610",arcgis,-21.997133010066,-47.881462968831,"Rua Chile 247, São Carlos, São Paulo, 13566-610"
"RUA GIOVANNI ROSSI, 61 - APT   14 - VILA DERIGGI - São Carlos/SP - CEP 13569-232",arcgis,-22.011629008693,-47.877089040297,"Rua Giovani Rossi 61, Apartamento 14, São Carlos, São Paulo, 13569-232"
"RUA HENRIQUE ALVES FILHO, 16 - JARDIM DAS TORRES - São Carlos/SP - CEP 13575-510",nominatim,-22.0302622,-47.9118607,"Rua Henrique Alves Filho, Jardim Bicão, Bela Vista São-Carlense, São Carlos, Região Imediata de São Carlos, Região Geográfica Intermediária de Araraquara, São Paulo, Região Sudeste, 13574-009, Brasil"
"RUA WAMBERTO DIAS DA COSTA, 2101 - VILA RANCHO VELHO - São Carlos/SP - CEP 13569-080",arcgis,-22.015315998353,-47.872168024942,"Rua Wamberto Dias Da Costa 2101, Vila Nery, São Carlos, São Paulo, 13569-080"
"TRAVESSA FRANCISCO LATORRE PRIMO, 50 - APT 178B - RESIDENCIAL PARATI - São Carlos/SP - CEP 13563-810",arcgis,-21.993269495865,-47.916719744123,"Travessa Francisco Latorre Primo, São Carlos, São Paulo, 13563-810"
"RODOVIA ENGENHEIRO THALES DE LORENA PEIXOTO JUNIOR ( SP 318), S/N - KM    246                 EDIF  1                   ANDAR 1 - DISTRITO DE AGUA VERMELHA - São Carlos/SP - CEP 13578-000",nominatim,-21.8788022,-47.8567619,"São Carlos, Região Imediata de São Carlos, Região Geográfica Intermediária de Araraquara, São Paulo, Região Sudeste, Brasil"
"RUA SAO PAULO, 860 - TERREOSALA 01 - CENTRO - São Carlos/SP - CEP 13560-053",nominatim,-22.0180395,-47.891154,"São Carlos, Região Imediata de São Carlos, Região Geográfica Intermediária de Araraquara, São Paulo, Região Sudeste, Brasil"
"RUA RAFAEL DE ABREU SAMPAIO VIDAL, 34 - VILA MONTEIRO (GLEBA I) - São Carlos/SP - CEP 13560-298",arcgis,-22.028275007395,-47.882801977863,"Rua Doutor Rafael De Abreu Sampaio Vidal 34, São Carlos, São Paulo, 13560-298"
"AVENIDA ROMUALDO VILLANI, 791 - JARDIM IPANEMA - São Carlos/SP - CEP 13563-651",arcgis,-21.986655002454,-47.926903026144,"Avenida Romualdo Villani 791, São Carlos, São Paulo, 13563-651"
"RUA ERNANE STEFANE, 173 - PARQUE FEHR - São Carlos/SP - CEP 13563-750",nominatim,-21.9813212,-47.9394495,"Rua Ernane Stefane, Parque Fehr, São Carlos, Região Imediata de São Carlos, Região Geográfica Intermediária de Araraquara, São Paulo, Região Sudeste, 13563-773, Brasil"
"AVENIDA TANCREDO DE ALMEIDA NEVES, 220 - SALA: 08 E 09; - PARQUE SANTA MONICA - São Carlos/SP - CEP 13561-260",arcgis,-22.021196993078,-47.911191986832,"Avenida Doutor Tancredo De Almeida Neves 220, São Carlos, São Paulo, 13561-260"
"RUA RUI BARBOSA, 1693 - VILA MONTEIRO (GLEBA I) - São Carlos/SP - CEP 13560-330",nominatim,-22.0251146,-47.8865459,"Rua Rui Barbosa, Vila Monteiro Gleba I, São Carlos, Região Imediata de São Carlos, Região Geográfica Intermediária de Araraquara, São Paulo, Região Sudeste, 13560-294, Brasil"
"RUA RAFAEL DE SENZI, 107 - JARDIM SAO JOAO BATISTA - São Carlos/SP - CEP 13567-010",nominatim,-22.0018877,-47.8777929,"Rua Rafael de Senzi, Jardim São João Batista, São Carlos, Região Imediata de São Carlos, Região Geográfica Intermediária de Araraquara, São Paulo, Região Sudeste, 13567-060, Brasil"
"RUA PASSEIO DOS IPES, 320 - SALA  904                 ANDAR 9                   COND  TRIADE 01           EDIF  LONDRES - PARQUE FABER CASTELL I - São Carlos/SP - CEP 13561-385",arcgis,-22.019622203971,-47.915930413768,"Rua Passeio dos Ipês 320, São Carlos, São Paulo, 13561-385"
"RUA DR ALBERTO CATTANI, 611 - CASA - JARDIM HIKARE - São Carlos/SP - CEP 13564-380",arcgis,-21.990543995979,-47.898038014722,"Rua Doutor Alberto Cattani 611, São Carlos, São Paulo, 13564-530"
"RUA SETE DE SETEMBRO, 2172 - SALA B - CENTRO - São Carlos/SP - CEP 13560-180",nominatim,-22.0180395,-47.891154,"São Carlos, Região Imediata de São Carlos, Região Geográfica Intermediária de Araraquara, São Paulo, Região Sudeste, Brasil"
"RUA NACOES UNIDAS, 421 - JARDIM CRUZEIRO DO SUL - São Carlos/SP - CEP 13572-082",nominatim,-22.0426023,-47.8916212,"Rua Nações Unidas, Jardim Cruzeiro do Sul, Bela Vista São-Carlense, São Carlos, Região Imediata de São Carlos, Região Geográfica Intermediária de Araraquara, São Paulo, Região Sudeste, 13572-082, Brasil"
"RUA ARLINDO POSSA, 25 - CASA - ROMEU SANTINI - São Carlos/SP - CEP 13575-870",nominatim,-22.0243992,-47.9188183,"Rua Arlindo Possa, Conjunto Habitacional Doutor Romeu Santini (São Carlos VI), Bela Vista São-Carlense, São Carlos, Região Imediata de São Carlos, Região Geográfica Intermediária de Araraquara, São Paulo, Região Sudeste, 13561-352, Brasil"
"RUA PROFESSOR WALTER BLANCO, 417 - JARDIM SOCIAL BELVEDERE - São Carlos/SP - CEP 13575-803",nominatim,-22.0430688,-47.9031458,"Rua Professor Walter Blanco, Jardim Social Belvedere, Bela Vista São-Carlense, São Carlos, Região Imediata de São Carlos, Região Geográfica Intermediária de Araraquara, São Paulo, Região Sudeste, 13572-310, Brasil"
"RUA GENERAL OSORIO, 748 - JARDIM SAO CARLOS - São Carlos/SP - CEP 13560-640",nominatim,-22.0218374,-47.8970478,"Rua General Osório, Jardim São Carlos, Núcleo Residencial Sílvio Vilari, São Carlos, Região Imediata de São Carlos, Região Geográfica Intermediária de Araraquara, São Paulo, Região Sudeste, 13560-640, Brasil"
"RUA LUIZ OLLAY, 280 - CIDADE ARACY - São Carlos/SP - CEP 13573-085",nominatim,-22.0560776,-47.9064473,"Rua Luiz Ollay, Loteamento de Interesse Social Cidade Aracy, Bela Vista São-Carlense, São Carlos, Região Imediata de São Carlos, Região Geográfica Intermediária de Araraquara, São Paulo, Região Sudeste, 13573-140, Brasil"
"RUA DOM PEDRO II, 109 - VILA MONTEIRO (GLEBA I) - São Carlos/SP - CEP 13560-320",nominatim,-22.0233316,-47.8875696,"Rua Dom Pedro II, Vila Monteiro Gleba I, São Carlos, Região Imediata de São Carlos, Região Geográfica Intermediária de Araraquara, São Paulo, Região Sudeste, 13560-294, Brasil"
"AVENIDA FRANCISCO PEREIRA LOPES, 1701 - LOJA  37 - PARQUE SANTA MONICA - São Carlos/SP - CEP 13561-250",nominatim,-22.0180395,-47.891154,"São Carlos, Região Imediata de São Carlos, Região Geográfica Intermediária de Araraquara, São Paulo, Região Sudeste, Brasil"
"RUA SAO PAULO, 455 - CENTRO - São Carlos/SP - CEP 13560-053",nominatim,-22.0149574,-47.8857665,"Rua São Paulo, Vila Elisabeth, São Carlos, Região Imediata de São Carlos, Região Geográfica Intermediária de Araraquara, São Paulo, Região Sudeste, 13560-181, Brasil"
"RUA MARCUS VINICIUS DE MELLO MORAES, 457 - PARQUE SANTA FELICIA JARDIM - São Carlos/SP - CEP 13563-304",nominatim,-21.9969249,-47.9206844,"Rua Marcus Vinicius de Mello Moraes, Parque Jardim Santa Felícia, São Carlos, Região Imediata de São Carlos, Região Geográfica Intermediária de Araraquara, São Paulo, Região Sudeste, 13563-304, Brasil"
"RUA QUINZE DE NOVEMBRO, 1132 - PARQUE SANTA MONICA - São Carlos/SP - CEP 13561-206",nominatim,-22.0124098,-47.902549,"Rua Quinze de Novembro, Parque Santa Mônica, São Carlos, Região Imediata de São Carlos, Região Geográfica Intermediária de Araraquara, São Paulo, Região Sudeste, 13561-180, Brasil"
"RUA VICTORIO BONUCCI, 555 - BLOCO 9;APT 4 - JARDIM TANGARA - São Carlos/SP - CEP 13568-110",arcgis,-22.013522019616,-47.854999037392,"Rua Victorio Bonucci 555, Apartamento 4, Andar Terreo, Bloco 9, Vila Nery, São Carlos, São Paulo, 13568-120"
"RUA CID SILVA CESAR, 357 - PARQUE SANTA FELICIA JARDIM - São Carlos/SP - CEP 13562-400",nominatim,-22.0026365,-47.9153676,"Rua Cid Silva César, Parque Jardim Santa Felícia, São Carlos, Região Imediata de São Carlos, Região Geográfica Intermediária de Araraquara, São Paulo, Região Sudeste, 13562-100, Brasil"
"RUA HAGAR CRISTINA ROJO ROCHA, 82 - LOTEAMENTO RESIDENCIAL EDUARDO ABDELNUR - São Carlos/SP - CEP 13573-724",arcgis,-22.041855995563,-47.931469989909,"Rua Hagar Cristina Rojo Rocha 82, Bela Vista São-Carlense, São Carlos, São Paulo, 13573-724"
"RUA ALLAN KARDEC, 345 - JARDIM CRUZEIRO DO SUL - São Carlos/SP - CEP 13572-080",nominatim,-22.040072,-47.8897956,"Rua Allan Kardec, Jardim Cruzeiro do Sul, Bela Vista São-Carlense, São Carlos, Região Imediata de São Carlos, Região Geográfica Intermediária de Araraquara, São Paulo, Região Sudeste, 13572-082, Brasil"
"RUA JESUINO DE ARRUDA - ATE 3100/3101, 2726 - JARDIM SAO CARLOS - São Carlos/SP - CEP 13560-642",arcgis,-22.01962088376,-47.881204882054,"Rua Jesuíno de Arruda 3100, Jardim Brasil, São Carlos, São Paulo, 13560-642"
"RUA BASILIO BLANCO, 76 - RESIDENCIAL MONSENHOR ROMEU TORTORELLI - São Carlos/SP - CEP 13562-505",nominatim,-22.0074241,-47.9214377,"Rua Basílio Blanco, Residencial Monsenhor Romeu Tortorelli, São Carlos, Região Imediata de São Carlos, Região Geográfica Intermediária de Araraquara, São Paulo, Região Sudeste, 13562-420, Brasil"
"RUA PASSEIO DOS IPES, 320 - SALA  105 TORRE LONDRES - PARQUE FABER CASTELL I - São Carlos/SP - CEP 13561-385",arcgis,-22.019622203971,-47.915930413768,"Rua Passeio dos Ipês 320, São Carlos, São Paulo, 13561-385"
"RUA BYRON ORTIZ DE ARAUJO, 255 - VILA JACOBUCCI - São Carlos/SP - CEP 13567-230",nominatim,-22.0062711,-47.8710469,"Rua Byron Ortiz de Araújo, Vila Jacobucci, São Carlos, Região Imediata de São Carlos, Região Geográfica Intermediária de Araraquara, São Paulo, Região Sudeste, 13567-330, Brasil"
"RUA PASSEIO DOS IPES, 320 - COND  TRIADE 01           EDIF  LONDRES             SALA  803 - PARQUE FABER CASTELL I - São Carlos/SP - CEP 13561-385",arcgis,-22.019622203971,-47.915930413768,"Rua Passeio dos Ipês 320, São Carlos, São Paulo, 13561-385"
"RUA EUGENIO DE ANDRADE EGAS, 617 - VILA BRASILIA - São Carlos/SP - CEP 13566-611",nominatim,-22.0180395,-47.891154,"São Carlos, Região Imediata de São Carlos, Região Geográfica Intermediária de Araraquara, São Paulo, Região Sudeste, Brasil"
"TRAVESSA FRANCISCO LATORRE PRIMO, 50 - APT 138A - RESIDENCIAL PARATI - São Carlos/SP - CEP 13563-810",arcgis,-21.993269495865,-47.916719744123,"Travessa Francisco Latorre Primo, São Carlos, São Paulo, 13563-810"
"RUA SAO PAULO, 109 - FUNDOS - VILA MONTEIRO (GLEBA I) - São Carlos/SP - CEP 13560-340",arcgis,-22.026134017867,-47.885569011739,"Rua Sao Paulo 109, São Carlos, São Paulo, 13560-340"
"RUA PROFESSOR MOACIR MOREIRA CEZAR, 436 - JARDIM DOS COQUEIROS - São Carlos/SP - CEP 13568-857",arcgis,-21.99538400024,-47.860908027674,"Rua Professor Moacyr Moreira Cezar 436, Vila Nery, São Carlos, São Paulo, 13568-857"
"RUA JOAO RAMALHO, 325 - JARDIM CENTENARIO - São Carlos/SP - CEP 13564-090",nominatim,-21.9986803,-47.9038479,"Rua João Ramalho, Jardim Centenário, São Carlos, Região Imediata de São Carlos, Região Geográfica Intermediária de Araraquara, São Paulo, Região Sudeste, 13564-031, Brasil"
"RUA MARECHAL DEODORO, 2069 - 2085 - CENTRO - São Carlos/SP - CEP 13560-200",nominatim,-22.0180395,-47.891154,"São Carlos, Região Imediata de São Carlos, Região Geográfica Intermediária de Araraquara, São Paulo, Região Sudeste, Brasil"
"RUA CAPITAO ADAO PEREIRA DA SILVA CABRAL, 444 - SALA: 01; - CENTRO - São Carlos/SP - CEP 13561-000",nominatim,-22.0180395,-47.891154,"São Carlos, Região Imediata de São Carlos, Região Geográfica Intermediária de Araraquara, São Paulo, Região Sudeste, Brasil"
"RUA MANOEL DA SILVA FERREIRA, 184 - JARDIM SAO JOAO BATISTA - São Carlos/SP - CEP 13567-070",nominatim,-22.0020362,-47.8771711,"Rua Manoel da Silva Ferreira, Jardim São João Batista, São Carlos, Região Imediata de São Carlos, Região Geográfica Intermediária de Araraquara, São Paulo, Região Sudeste, 13567-060, Brasil"
"RUA ARTIN AGAZARIAN, 134 - JARDIM SAO CARLOS 5 - São Carlos/SP - CEP 13563-524",arcgis,-21.992431013841,-47.928820973229,"Rua Artin Agazarian 134, São Carlos, São Paulo, 13563-524"
"RUA DESEMBARGADOR JULIO FARIA, 1081 - VILA PRADO - São Carlos/SP - CEP 13574-250",nominatim,-22.0333218,-47.9026569,"Rua Desembargador Júlio de Faria, Vila Prado, São Carlos, Região Imediata de São Carlos, Região Geográfica Intermediária de Araraquara, São Paulo, Região Sudeste, 13574-250, Brasil"
"RUA CAPITAO ADAO PEREIRA DA SILVA CABRAL, 444 - SALA: 02; - CENTRO - São Carlos/SP - CEP 13561-000",nominatim,-22.0180395,-47.891154,"São Carlos, Região Imediata de São Carlos, Região Geográfica Intermediária de Araraquara, São Paulo, Região Sudeste, Brasil"
"RUA JESUINO DE ARRUDA, 1365 - APT 401;BLOCO 6 - JARDIM BRASIL - São Carlos/SP - CEP 13569-300",arcgis,-22.019682005988,-47.897806003642,"Rua Jesuino De Arruda 1365, Apartamento 401, Bloco 10, São Carlos, São Paulo, 13560-642"
"PRACA GERALDO EUGENIO TOLEDO PIZZA, 241 - APT 31 - CIDADE JARDIM - São Carlos/SP - CEP 13566-541",arcgis,-21.999117110887,-47.893950264359,"Praça Geraldo Eugênio Toledo Pizza 241, Cidade Jardim, São Carlos, São Paulo, 13566-541"
"RUA ANGELO POSSA, 540 - JARDIM PAULISTA - São Carlos/SP - CEP 13574-510",nominatim,-22.0202531,-47.9057076,"Rua Angelo Possa, Jardim Paulista, São Carlos, Região Imediata de São Carlos, Região Geográfica Intermediária de Araraquara, São Paulo, Região Sudeste, 13560-649, Brasil"
"RUA FRANCISCO VALVERDE, 47 - JARDIM SAO CARLOS 5 - São Carlos/SP - CEP 13563-483",arcgis,-21.98842999618,-47.924139009753,"Rua Francisco Valverde 47, São Carlos, São Paulo, 13563-483"
"RUA MAJOR JOSE INACIO, 2048 - EDIF  CONDE DO PINHAL     LOJA  PAVIMENTO TERREO - CENTRO - São Carlos/SP - CEP 13560-160",nominatim,-22.0180395,-47.891154,"São Carlos, Região Imediata de São Carlos, Região Geográfica Intermediária de Araraquara, São Paulo, Região Sudeste, Brasil"
"RUA HERBERT DE SOUZA, 300 - BL27 APTO 03 - ROMEU SANTINI - São Carlos/SP - CEP 13575-878",arcgis,-22.026764767146,-47.915510963627,"Rua Herbert de Souza 300, São Carlos, São Paulo, 13575-878"
"AVENIDA SALLUM, 128 - VILA PRADO - São Carlos/SP - CEP 13574-040",nominatim,-22.0180395,-47.891154,"São Carlos, Região Imediata de São Carlos, Região Geográfica Intermediária de Araraquara, São Paulo, Região Sudeste, Brasil"
"RUA TREZE DE MAIO, 1520 - JARDIM SAO CARLOS - São Carlos/SP - CEP 13560-647",nominatim,-22.018874,-47.8967251,"Rua Treze de Maio, Jardim São Carlos, São Carlos, Região Imediata de São Carlos, Região Geográfica Intermediária de Araraquara, São Paulo, Região Sudeste, 13560-647, Brasil"
"RUA DOUTOR GASTAO DE SA, 296 - VILA BOA VISTA - São Carlos/SP - CEP 13574-002",nominatim,-22.0323085,-47.8980856,"Rua Doutor Gastão de Sá, Vila Bela Vista, São Carlos, Região Imediata de São Carlos, Região Geográfica Intermediária de Araraquara, São Paulo, Região Sudeste, 13574-040, Brasil"
"AVENIDA OTTO WERNER ROSEL, 1191 - COND MORADAS 2;CASA 101 - JARDIM IPANEMA - São Carlos/SP - CEP 13563-673",nominatim,-22.0180395,-47.891154,"São Carlos, Região Imediata de São Carlos, Região Geográfica Intermediária de Araraquara, São Paulo, Região Sudeste, Brasil"
"RUA AMERICO JACOMINO CANHOTO, 175 - JARDIM NOVA SANTA PAULA - São Carlos/SP - CEP 13564-350",nominatim,-21.9943726,-47.8984296,"Rua Américo Jacomino Canhoto, Jardim Paulistano, São Carlos, Região Imediata de São Carlos, Região Geográfica Intermediária de Araraquara, São Paulo, Região Sudeste, 13654-350, Brasil"
"RUA OSWALDO DENARI, 427 - JARDIM MUNIQUE - São Carlos/SP - CEP 13568-600",nominatim,-22.0075788,-47.8574105,"Rua Oswaldo Denari, Jardim Munique, Vila Nery, São Carlos, Região Imediata de São Carlos, Região Geográfica Intermediária de Araraquara, São Paulo, Região Sudeste, 13568-200, Brasil"
"RUA GEMINIANO COSTA, S N - BOX 08 - PRACA DO COMERCIO - JARDIM SAO CARLOS - São Carlos/SP - CEP 13560-641",arcgis,-22.02057958209,-47.881346879472,"13560-641, São Carlos, São Paulo"
"AVENIDA FRANCISCO PEREIRA LOPES, 1701 - LUC 35-T2                 SHOPPING PASSEIO          SAO CARLOS - PARQUE ARNOLD SCHIMIDT - São Carlos/SP - CEP 13564-002",arcgis,-22.005583,-47.903854,Shopping Passeio São Carlos
"RUA JUAN LOPES, 870 - JARDIM SAO JOAO BATISTA - São Carlos/SP - CEP 13567-020",nominatim,-22.0017132,-47.8784194,"Rua Juan Lopes, Jardim São João Batista, São Carlos, Região Imediata de São Carlos, Região Geográfica Intermediária de Araraquara, São Paulo, Região Sudeste, 13567-060, Brasil"
"RUA GASTAO VIEIRA, 489 - SALA  03 - PARQUE SANTA FELICIA JARDIM - São Carlos/SP - CEP 13562-410",arcgis,-22.001292990521,-47.915915021634,"Rua Gastao Vieira 489, São Carlos, São Paulo, 13562-410"
"RUA ANTONIO DOS SANTOS FILHO, 201 - JARDIM ACAPULCO - São Carlos/SP - CEP 13563-711",nominatim,-21.9980112,-47.9116753,"Rua Antônio dos Santos Filho, Jardim Acapulco, São Carlos, Região Imediata de São Carlos, Região Geográfica Intermediária de Araraquara, São Paulo, Região Sudeste, 13562-180, Brasil"
"RUA VICTORIO BONUCCI, 691 - JARDIM TANGARA - São Carlos/SP - CEP 13568-110",nominatim,-22.0168954,-47.8551892,"Rua Victorio Bonucci, Desmembramento Chácaras de Recreio Monte Carlo, Vila Nery, São Carlos, Região Imediata de São Carlos, Região Geográfica Intermediária de Araraquara, São Paulo, Região Sudeste, 13571-291, Brasil"
"RUA JOAQUIM AUGUSTO RIBEIRO DE SOUZA, 1316 - PARQUE SANTA FELICIA JARDIM - São Carlos/SP - CEP 13563-330",nominatim,-21.998789,-47.9201675,"Rua Joaquim Augusto Ribeiro de Souza, Parque Jardim Santa Felícia, São Carlos, Região Imediata de São Carlos, Região Geográfica Intermediária de Araraquara, São Paulo, Região Sudeste, 13563-301, Brasil"
"RUA ANTONIO RODRIGUES CAJADO, 2633 - FUNDOSFUNDOS - VILA MONTEIRO (GLEBA I) - São Carlos/SP - CEP 13560-291",arcgis,-22.003325015308,-47.884192032686,"Rua Antonio Rodrigues Cajado 2633, São Carlos, São Paulo, 13566-230"
"AVENIDA SAO CARLOS, 1428 - SETOR L - CENTRO - São Carlos/SP - CEP 13560-011",nominatim,-22.0180395,-47.891154,"São Carlos, Região Imediata de São Carlos, Região Geográfica Intermediária de Araraquara, São Paulo, Região Sudeste, Brasil"
"RUA ABEL GIONGO, 1766 - VILA FARIA - São Carlos/SP - CEP 13569-003",nominatim,-22.0158029,-47.8740346,"Rua Abel Giongo, Vila Faria, Vila Nery, São Carlos, Região Imediata de São Carlos, Região Geográfica Intermediária de Araraquara, São Paulo, Região Sudeste, 13569-007, Brasil"
"RUA CONDE DO PINHAL, 1762 - ANEXO R NOVE DE JULHO 1325 - JARDIM SAO CARLOS - São Carlos/SP - CEP 13560-648",nominatim,-22.0180395,-47.891154,"São Carlos, Região Imediata de São Carlos, Região Geográfica Intermediária de Araraquara, São Paulo, Região Sudeste, Brasil"
"RUA CAPITAO ADAO PEREIRA DA SILVA CABRAL, 883 - LOJA 3 - CENTRO - São Carlos/SP - CEP 13561-000",nominatim,-22.0180395,-47.891154,"São Carlos, Região Imediata de São Carlos, Região Geográfica Intermediária de Araraquara, São Paulo, Região Sudeste, Brasil"
"RUA THIAGO CARUSO, 20b - SALA 20b - AZULVILLE I - São Carlos/SP - CEP 13571-190",arcgis,-22.028788985698,-47.869101002751,"Rua Thiago Caruso 20B, São Carlos, São Paulo, 13571-190"
"RUA TREZE DE MAIO, 1753 - JARDIM SAO CARLOS - São Carlos/SP - CEP 13560-647",nominatim,-22.018874,-47.8967251,"Rua Treze de Maio, Jardim São Carlos, São Carlos, Região Imediata de São Carlos, Região Geográfica Intermediária de Araraquara, São Paulo, Região Sudeste, 13560-647, Brasil"
"RUA ALVARENGA PEIXOTO, 331 - APT 41 - PARQUE ARNOLD SCHIMIDT - São Carlos/SP - CEP 13566-582",arcgis,-22.000270985067,-47.897123968181,"Rua Alvarenga Peixoto 331, Apartamento 41, Andar 5, São Carlos, São Paulo, 13566-582"
"RUA PROFESSOR EDUARDO DE MARTINI, 31 - NUCLEO RESIDENCIAL CASTELO BRANCO - São Carlos/SP - CEP 13571-100",nominatim,-22.0304286,-47.870459,"Rua Professor Eduardo de Martini, Nucleo Residencial Castelo Branco, Núcleo Residencial Presidente Castelo Branco, São Carlos, Região Imediata de São Carlos, Região Geográfica Intermediária de Araraquara, São Paulo, Região Sudeste, 13569-520, Brasil"
"RUA MARCUS VINICIUS DE MELLO MORAES, 499 - PARQUE SANTA FELICIA JARDIM - São Carlos/SP - CEP 13563-304",nominatim,-21.9969249,-47.9206844,"Rua Marcus Vinicius de Mello Moraes, Parque Jardim Santa Felícia, São Carlos, Região Imediata de São Carlos, Região Geográfica Intermediária de Araraquara, São Paulo, Região Sudeste, 13563-304, Brasil"
"AVENIDA OTTO WERNER ROSEL, 777 - CASA 92 - JARDIM IPANEMA - São Carlos/SP - CEP 13563-673",nominatim,-22.0180395,-47.891154,"São Carlos, Região Imediata de São Carlos, Região Geográfica Intermediária de Araraquara, São Paulo, Região Sudeste, Brasil"
"RUA RUI BARBOSA, 1030 - APT 11 - VILA MONTEIRO (GLEBA I) - São Carlos/SP - CEP 13560-330",nominatim,-22.0180395,-47.891154,"São Carlos, Região Imediata de São Carlos, Região Geográfica Intermediária de Araraquara, São Paulo, Região Sudeste, Brasil"
"RUA DOUTOR JOAQUIM RODRIGUES DE SIQUEIRA, 11 - VILA BOA VISTA 1 - São Carlos/SP - CEP 13575-003",arcgis,-22.036796008254,-47.906286980913,"Rua Doutor Joaquim Rodrigues De Siqueira 11, Bela Vista São-Carlense, São Carlos, São Paulo, 13575-003"
"RUA MARIO MIGLIATO, 100 - VILA IRENE - São Carlos/SP - CEP 13570-760",arcgis,-22.031963002883,-47.883830018287,"Rua Mario Migliato 100, São Carlos, São Paulo, 13570-760"
"RUA JOSE LORETI, 171 - JARDIM IPANEMA - São Carlos/SP - CEP 13563-660",arcgis,-21.99009900074,-47.934776985987,"Rua Jose Loreti 171, Bela Vista São-Carlense, São Carlos, São Paulo, 13563-660"
"ALAMEDA DAS GOIABEIRAS, 286 - PARQUE FABER CASTELL I - São Carlos/SP - CEP 13561-357",arcgis,-22.016422795131,-47.920316984887,"Alameda das Goiabeiras 286, São Carlos, São Paulo, 13561-357"
"AVENIDA PROFESSOR LUIZ AUGUSTO DE OLIVEIRA, 91 - SALA  35 - VILA MARINA - São Carlos/SP - CEP 13566-340",nominatim,-22.0180395,-47.891154,"São Carlos, Região Imediata de São Carlos, Região Geográfica Intermediária de Araraquara, São Paulo, Região Sudeste, Brasil"
"AVENIDA SALLUM, 373 - VILA PRADO - São Carlos/SP - CEP 13574-040",nominatim,-22.0180395,-47.891154,"São Carlos, Região Imediata de São Carlos, Região Geográfica Intermediária de Araraquara, São Paulo, Região Sudeste, Brasil"
"RUA SAO PIO X, 595 - TERREO - VILA PRADO - São Carlos/SP - CEP 13574-260",arcgis,-22.030101005002,-47.899258000729,"Rua Sao Pio X 595, São Carlos, São Paulo, 13574-260"
"RUA MARECHAL DEODORO, 2616 - SALA  4 - CENTRO - São Carlos/SP - CEP 13560-201",nominatim,-22.0180395,-47.891154,"São Carlos, Região Imediata de São Carlos, Região Geográfica Intermediária de Araraquara, São Paulo, Região Sudeste, Brasil"
"RUA RAY WESLEY HERRICK, 475 - APT 306;BLOCO 7 - JARDIM JOCKEI CLUB A - São Carlos/SP - CEP 13565-090",nominatim,-22.0180395,-47.891154,"São Carlos, Região Imediata de São Carlos, Região Geográfica Intermediária de Araraquara, São Paulo, Região Sudeste, Brasil"
"RUA SYLLAS DA SILVA ROSA, 160 - JARDIM EMBARE - São Carlos/SP - CEP 13563-886",nominatim,-21.9673317,-47.9392,"Rua Syllas da Silva Rosa, Jardim Embaré, São Carlos, Região Imediata de São Carlos, Região Geográfica Intermediária de Araraquara, São Paulo, Região Sudeste, 13563-886, Brasil"
"RUA SAMUEL CARVALHO CHAVES, 138 - VILA ALPES - São Carlos/SP - CEP 13570-360",arcgis,-22.031655009851,-47.880674986113,"Rua Doutor Samuel De Carvalho Chaves 138, São Carlos, São Paulo, 13570-360"
"AVENIDA COMENDADOR ALFREDO MAFFEI, 2542 - BOX 61 - JARDIM SAO CARLOS - São Carlos/SP - CEP 13561-270",nominatim,-22.0180395,-47.891154,"São Carlos, Região Imediata de São Carlos, Região Geográfica Intermediária de Araraquara, São Paulo, Região Sudeste, Brasil"
"RUA DEOLINDO RAIMUNDO, 32 - FUNDOS - JARDIM NOVA SAO CARLOS - São Carlos/SP - CEP 13570-211",arcgis,-22.029292989536,-47.872462984115,"Rua Deolindo Raimundo 32, São Carlos, São Paulo, 13570-211"
"AVENIDA FRANCISCO PEREIRA LOPES, 1850 - AREA 2B - PARQUE SANTA MONICA - São Carlos/SP - CEP 13561-250",nominatim,-22.0180395,-47.891154,"São Carlos, Região Imediata de São Carlos, Região Geográfica Intermediária de Araraquara, São Paulo, Região Sudeste, Brasil"
"RUA TAYNARA GABRIELE PEREIRA, 31 - FUNDOS - CONJUNTO HABITACIONAL PLANALTO VERDE - São Carlos/SP - CEP 13573-332",arcgis,-22.064949018911,-47.909475959795,"Rua Taynara Gabriele Pereira 31, Bela Vista São-Carlense, São Carlos, São Paulo, 13573-332"
"RUA JOSE FERNANDES NUNES, 80 - VILA SANTA MADRE CABRINI - São Carlos/SP - CEP 13572-520",nominatim,-22.0490565,-47.8934851,"Rua José Fernandes Nunes, Vila Santa Madre Cabrini, Bela Vista São-Carlense, São Carlos, Região Imediata de São Carlos, Região Geográfica Intermediária de Araraquara, São Paulo, Região Sudeste, 13572-082, Brasil"
"RUA CALIMERIO MARTINEZ, 81 - CASA - CHACARA PARQUE CLUB - São Carlos/SP - CEP 13567-150",arcgis,-22.004302009942,-47.875191964151,"Rua Calimerio Martinez 81, São Carlos, São Paulo, 13567-150"
"RUA GENERAL OSORIO, 434 - FUNDOS - JARDIM SAO CARLOS - São Carlos/SP - CEP 13560-640",nominatim,-22.0180395,-47.891154,"São Carlos, Região Imediata de São Carlos, Região Geográfica Intermediária de Araraquara, São Paulo, Região Sudeste, Brasil"
"ALAMEDA SINLIOKU TANAKA, 202 - PARQUE TECNOLOGICO DAMHA I SAO CARLOS - São Carlos/SP - CEP 13565-261",arcgis,-21.9868301,-47.8940243,"13565, São Carlos, São Paulo"
"AVENIDA PAPA PAULO VI, 453 - JARDIM CRUZEIRO DO SUL - São Carlos/SP - CEP 13572-140",arcgis,-22.044553902256,-47.888788066373,"Avenida Papa Paulo VI 453, Jardim Cruzeiro do Sul, São Carlos, São Paulo, 13572-140"
"RUA ENEAS CAMARGO, 222 - VILA MONTEIRO (GLEBA I) - São Carlos/SP - CEP 13560-301",arcgis,-22.027749001061,-47.882343990673,"Rua Eneas Camargo 222, São Carlos, São Paulo, 13560-301"
"RUA ERNESTINO BLOCK, 109 - PARQUE INDUSTRIAL - São Carlos/SP - CEP 13564-570",nominatim,-21.9877147,-47.9002834,"Rua Ernestino Block, Parque Industrial, São Carlos, Região Imediata de São Carlos, Região Geográfica Intermediária de Araraquara, São Paulo, Região Sudeste, 13564-550, Brasil"
"AVENIDA SAO CARLOS, 571 - FUNDOSFDS - CENTRO - São Carlos/SP - CEP 13560-010",nominatim,-22.0180395,-47.891154,"São Carlos, Região Imediata de São Carlos, Região Geográfica Intermediária de Araraquara, São Paulo, Região Sudeste, Brasil"
